date,window_id,window_start,window_end,n_days,n_assets,corr_num_edges,corr_avg_degree,corr_density,corr_total_weight,corr_avg_weight
2011-01-03,0,2010-01-05,2011-01-03,252,150,1545,20.6,0.138255033557047,1944.1020839547746,0.6291592504708008
2011-01-04,1,2010-01-06,2011-01-04,252,150,1546,20.613333333333333,0.13834451901565994,1947.7074799438979,0.6299183311590872
2011-01-05,2,2010-01-07,2011-01-05,252,150,1546,20.613333333333333,0.13834451901565994,1950.1587527799866,0.6307111102134497
2011-01-06,3,2010-01-08,2011-01-06,252,150,1550,20.666666666666668,0.13870246085011187,1956.7139303084057,0.6311980420349695
2011-01-07,4,2010-01-11,2011-01-07,252,150,1550,20.666666666666668,0.13870246085011187,1958.4280682690942,0.631750989764224
2011-01-10,5,2010-01-12,2011-01-10,252,150,1550,20.666666666666668,0.13870246085011187,1961.7434536945057,0.6328204689337115
2011-01-11,6,2010-01-13,2011-01-11,252,150,1550,20.666666666666668,0.13870246085011187,1960.7515203249072,0.6325004904273894
2011-01-12,7,2010-01-14,2011-01-12,252,150,1550,20.666666666666668,0.13870246085011187,1958.5107457151225,0.6317776599081041
2011-01-13,8,2010-01-15,2011-01-13,252,150,1550,20.666666666666668,0.13870246085011187,1960.5630827995674,0.6324397041288927
2011-01-14,9,2010-01-19,2011-01-14,252,150,1550,20.666666666666668,0.13870246085011187,1958.673265109195,0.6318300855190951
2011-01-18,10,2010-01-20,2011-01-18,252,150,1550,20.666666666666668,0.13870246085011187,1958.0666217717962,0.6316343941199343
2011-01-19,11,2010-01-21,2011-01-19,252,150,1550,20.666666666666668,0.13870246085011187,1960.7958856986252,0.6325148018382661
2011-01-20,12,2010-01-22,2011-01-20,252,150,1550,20.666666666666668,0.13870246085011187,1954.350052398096,0.6304355007735793
2011-01-21,13,2010-01-25,2011-01-21,252,150,1549,20.653333333333332,0.1386129753914989,1947.307775475425,0.6285693271386136
2011-01-24,14,2010-01-26,2011-01-24,252,150,1549,20.653333333333332,0.1386129753914989,1948.5895593481182,0.6289830727398703
2011-01-25,15,2010-01-27,2011-01-25,252,150,1549,20.653333333333332,0.1386129753914989,1948.3466506689597,0.6289046645154809
2011-01-26,16,2010-01-28,2011-01-26,252,150,1549,20.653333333333332,0.1386129753914989,1951.346257752568,0.6298729043746184
2011-01-27,17,2010-01-29,2011-01-27,252,150,1549,20.653333333333332,0.1386129753914989,1947.8693606344814,0.6287506005921503
2011-01-28,18,2010-02-01,2011-01-28,252,150,1549,20.653333333333332,0.1386129753914989,1952.786106840934,0.630337671672348
2011-01-31,19,2010-02-02,2011-01-31,252,150,1548,20.64,0.1385234899328859,1950.9006664743783,0.6301358741842308
2011-02-01,20,2010-02-03,2011-02-01,252,150,1548,20.64,0.1385234899328859,1953.2847871076874,0.6309059389882711
2011-02-02,21,2010-02-04,2011-02-02,252,150,1548,20.64,0.1385234899328859,1954.8581013335047,0.6314141154177987
2011-02-03,22,2010-02-05,2011-02-03,252,150,1548,20.64,0.1385234899328859,1936.6829501113873,0.6255435885372698
2011-02-04,23,2010-02-08,2011-02-04,252,150,1548,20.64,0.1385234899328859,1937.8940893605263,0.6259347833851829
2011-02-07,24,2010-02-09,2011-02-07,252,150,1549,20.653333333333332,0.1386129753914989,1938.8486390964376,0.6258388118452026
2011-02-08,25,2010-02-10,2011-02-08,252,150,1552,20.69333333333333,0.1388814317673378,1942.5555674461034,0.6258233142545436
2011-02-09,26,2010-02-11,2011-02-09,252,150,1552,20.69333333333333,0.1388814317673378,1940.7257751892955,0.6252338193264483
2011-02-10,27,2010-02-12,2011-02-10,252,150,1550,20.666666666666668,0.13870246085011187,1934.6687246326824,0.6240866853653814
2011-02-11,28,2010-02-16,2011-02-11,252,150,1551,20.68,0.13879194630872482,1937.3958232308255,0.6245634504290217
2011-02-14,29,2010-02-17,2011-02-14,252,150,1551,20.68,0.13879194630872482,1930.7845071187783,0.6224321428493805
2011-02-15,30,2010-02-18,2011-02-15,252,150,1550,20.666666666666668,0.13870246085011187,1929.6053354709047,0.6224533340228725
2011-02-16,31,2010-02-19,2011-02-16,252,150,1549,20.653333333333332,0.1386129753914989,1929.127699834039,0.6227010005920074
2011-02-17,32,2010-02-22,2011-02-17,252,150,1548,20.64,0.1385234899328859,1924.7911359554635,0.6217025632931084
2011-02-18,33,2010-02-23,2011-02-18,252,150,1548,20.64,0.1385234899328859,1925.0179237365976,0.6217758151603997
2011-02-22,34,2010-02-24,2011-02-22,252,150,1548,20.64,0.1385234899328859,1930.724622601971,0.6236190641479235
2011-02-23,35,2010-02-25,2011-02-23,252,150,1548,20.64,0.1385234899328859,1931.4361551729673,0.6238488873297698
2011-02-24,36,2010-02-26,2011-02-24,252,150,1548,20.64,0.1385234899328859,1929.412973259356,0.6231954047995336
2011-02-25,37,2010-03-01,2011-02-25,252,150,1549,20.653333333333332,0.1386129753914989,1932.8502942812231,0.6239026127441004
2011-02-28,38,2010-03-02,2011-02-28,252,150,1548,20.64,0.1385234899328859,1932.1617114377932,0.6240832401284861
2011-03-01,39,2010-03-03,2011-03-01,252,150,1548,20.64,0.1385234899328859,1937.4327101014685,0.6257857590767018
2011-03-02,40,2010-03-04,2011-03-02,252,150,1548,20.64,0.1385234899328859,1936.8917079003006,0.625611016763663
2011-03-03,41,2010-03-05,2011-03-03,252,150,1548,20.64,0.1385234899328859,1943.7585823604384,0.6278289994704258
2011-03-04,42,2010-03-08,2011-03-04,252,150,1548,20.64,0.1385234899328859,1940.8895499499054,0.6269023094153441
2011-03-07,43,2010-03-09,2011-03-07,252,150,1548,20.64,0.1385234899328859,1941.9698592352304,0.6272512465230072
2011-03-08,44,2010-03-10,2011-03-08,252,150,1549,20.653333333333332,0.1386129753914989,1946.477739970509,0.6283014008942895
2011-03-09,45,2010-03-11,2011-03-09,252,150,1549,20.653333333333332,0.1386129753914989,1946.341007272802,0.6282572650977412
2011-03-10,46,2010-03-12,2011-03-10,252,150,1549,20.653333333333332,0.1386129753914989,1951.7015677580096,0.6299875944990347
2011-03-11,47,2010-03-15,2011-03-11,252,150,1549,20.653333333333332,0.1386129753914989,1952.4443782326575,0.6302273654721297
2011-03-14,48,2010-03-16,2011-03-14,252,150,1549,20.653333333333332,0.1386129753914989,1952.6378321632399,0.6302898102528212
2011-03-15,49,2010-03-17,2011-03-15,252,150,1549,20.653333333333332,0.1386129753914989,1951.9625126714998,0.6300718246195932
2011-03-16,50,2010-03-18,2011-03-16,252,150,1549,20.653333333333332,0.1386129753914989,1956.647942698226,0.6315842294054957
2011-03-17,51,2010-03-19,2011-03-17,252,150,1551,20.68,0.13879194630872482,1962.329360118056,0.6326013411083352
2011-03-18,52,2010-03-22,2011-03-18,252,150,1551,20.68,0.13879194630872482,1961.1377873761458,0.6322172106306079
2011-03-21,53,2010-03-23,2011-03-21,252,150,1550,20.666666666666668,0.13870246085011187,1964.096682005293,0.633579574840417
2011-03-22,54,2010-03-24,2011-03-22,252,150,1549,20.653333333333332,0.1386129753914989,1963.9602441998873,0.6339445591348893
2011-03-23,55,2010-03-25,2011-03-23,252,150,1551,20.68,0.13879194630872482,1965.9419783352414,0.6337659504626826
2011-03-24,56,2010-03-26,2011-03-24,252,150,1550,20.666666666666668,0.13870246085011187,1966.311967094172,0.6342941829336038
2011-03-25,57,2010-03-29,2011-03-25,252,150,1550,20.666666666666668,0.13870246085011187,1967.9515964433695,0.6348230956268933
2011-03-28,58,2010-03-30,2011-03-28,252,150,1550,20.666666666666668,0.13870246085011187,1968.0452182421693,0.6348532962071514
2011-03-29,59,2010-03-31,2011-03-29,252,150,1550,20.666666666666668,0.13870246085011187,1968.7485163955007,0.6350801665791938
2011-03-30,60,2010-04-01,2011-03-30,252,150,1550,20.666666666666668,0.13870246085011187,1968.7226553273733,0.6350718242991527
2011-03-31,61,2010-04-05,2011-03-31,252,150,1551,20.68,0.13879194630872482,1967.582874063076,0.6342949303878388
2011-04-01,62,2010-04-06,2011-04-01,252,150,1550,20.666666666666668,0.13870246085011187,1962.488013704468,0.6330606495820864
2011-04-04,63,2010-04-07,2011-04-04,252,150,1550,20.666666666666668,0.13870246085011187,1962.5275628173008,0.6330734073604196
2011-04-05,64,2010-04-08,2011-04-05,252,150,1551,20.68,0.13879194630872482,1964.3776781926936,0.6332616628603138
2011-04-06,65,2010-04-09,2011-04-06,252,150,1551,20.68,0.13879194630872482,1963.8407398073794,0.6330885686032816
2011-04-07,66,2010-04-12,2011-04-07,252,150,1551,20.68,0.13879194630872482,1963.309920967783,0.6329174471204975
2011-04-08,67,2010-04-13,2011-04-08,252,150,1551,20.68,0.13879194630872482,1964.4980025104053,0.6333004521310139
2011-04-11,68,2010-04-14,2011-04-11,252,150,1551,20.68,0.13879194630872482,1965.4223064734997,0.6335984224608316
2011-04-12,69,2010-04-15,2011-04-12,252,150,1550,20.666666666666668,0.13870246085011187,1963.375577165666,0.6333469603760213
2011-04-13,70,2010-04-16,2011-04-13,252,150,1550,20.666666666666668,0.13870246085011187,1967.6649138953787,0.634730617385606
2011-04-14,71,2010-04-19,2011-04-14,252,150,1549,20.653333333333332,0.1386129753914989,1960.6551573042689,0.6328777137844638
2011-04-15,72,2010-04-20,2011-04-15,252,150,1550,20.666666666666668,0.13870246085011187,1963.0347467615084,0.6332370150843575
2011-04-18,73,2010-04-21,2011-04-18,252,150,1550,20.666666666666668,0.13870246085011187,1969.814833649462,0.6354241398869231
2011-04-19,74,2010-04-22,2011-04-19,252,150,1550,20.666666666666668,0.13870246085011187,1971.69853676147,0.6360317860520871
2011-04-20,75,2010-04-23,2011-04-20,252,150,1551,20.68,0.13879194630872482,1974.8233102542272,0.6366290490826007
2011-04-21,76,2010-04-26,2011-04-21,252,150,1552,20.69333333333333,0.1388814317673378,1978.1253659463973,0.637282656554896
2011-04-25,77,2010-04-27,2011-04-25,252,150,1552,20.69333333333333,0.1388814317673378,1979.0967531581398,0.6375956034658955
2011-04-26,78,2010-04-28,2011-04-26,252,150,1551,20.68,0.13879194630872482,1967.203693231342,0.6341726928534307
2011-04-27,79,2010-04-29,2011-04-27,252,150,1551,20.68,0.13879194630872482,1965.9414565681845,0.6337657822592471
2011-04-28,80,2010-04-30,2011-04-28,252,150,1551,20.68,0.13879194630872482,1964.0722731937883,0.6331632086375849
2011-04-29,81,2010-05-03,2011-04-29,252,150,1551,20.68,0.13879194630872482,1958.7828779813267,0.6314580522183516
2011-05-02,82,2010-05-04,2011-05-02,252,150,1551,20.68,0.13879194630872482,1953.7752733055618,0.6298437373647846
2011-05-03,83,2010-05-05,2011-05-03,252,150,1553,20.706666666666667,0.13897091722595079,1942.1299823768288,0.6252833169275045
2011-05-04,84,2010-05-06,2011-05-04,252,150,1553,20.706666666666667,0.13897091722595079,1941.3368664712107,0.6250279673120447
2011-05-05,85,2010-05-07,2011-05-05,252,150,1553,20.706666666666667,0.13897091722595079,1918.8222543519985,0.6177792190444297
2011-05-06,86,2010-05-10,2011-05-06,252,150,1552,20.69333333333333,0.1388814317673378,1911.1161330083726,0.6156946304795015
2011-05-09,87,2010-05-11,2011-05-09,252,150,1549,20.653333333333332,0.1386129753914989,1863.4479199834598,0.6015002969604454
2011-05-10,88,2010-05-12,2011-05-10,252,150,1550,20.666666666666668,0.13870246085011187,1867.7418170724131,0.6024973603459397
2011-05-11,89,2010-05-13,2011-05-11,252,150,1551,20.68,0.13879194630872482,1867.1556878312906,0.601919950944968
2011-05-12,90,2010-05-14,2011-05-12,252,150,1551,20.68,0.13879194630872482,1862.5676624508562,0.6004408969860916
2011-05-13,91,2010-05-17,2011-05-13,252,150,1549,20.653333333333332,0.1386129753914989,1852.2427979477156,0.5978834079882878
2011-05-16,92,2010-05-18,2011-05-16,252,150,1549,20.653333333333332,0.1386129753914989,1854.2302661246197,0.598524940647069
2011-05-17,93,2010-05-19,2011-05-17,252,150,1549,20.653333333333332,0.1386129753914989,1846.1013051877321,0.5959010023201201
2011-05-18,94,2010-05-20,2011-05-18,252,150,1549,20.653333333333332,0.1386129753914989,1847.8271330378666,0.596458080386658
2011-05-19,95,2010-05-21,2011-05-19,252,150,1548,20.64,0.1385234899328859,1808.0016933193012,0.5839798751031334
2011-05-20,96,2010-05-24,2011-05-20,252,150,1548,20.64,0.1385234899328859,1807.6866549712627,0.5838781185307695
2011-05-23,97,2010-05-25,2011-05-23,252,150,1548,20.64,0.1385234899328859,1809.4861125681425,0.5844593386848006
2011-05-24,98,2010-05-26,2011-05-24,252,150,1548,20.64,0.1385234899328859,1811.5472267992868,0.5851250732555836
2011-05-25,99,2010-05-27,2011-05-25,252,150,1548,20.64,0.1385234899328859,1812.5500386312872,0.5854489788860747
2011-05-26,100,2010-05-28,2011-05-26,252,150,1548,20.64,0.1385234899328859,1782.7244875367905,0.5758154029511597
2011-05-27,101,2010-06-01,2011-05-27,252,150,1548,20.64,0.1385234899328859,1777.668978530249,0.5741824866053776
2011-05-31,102,2010-06-02,2011-05-31,252,150,1547,20.626666666666665,0.13843400447427293,1766.0678789204076,0.5708040979057555
2011-06-01,103,2010-06-03,2011-06-01,252,150,1548,20.64,0.1385234899328859,1773.2774240511433,0.5727640258563125
2011-06-02,104,2010-06-04,2011-06-02,252,150,1549,20.653333333333332,0.1386129753914989,1776.7064019594031,0.5735010981147202
2011-06-03,105,2010-06-07,2011-06-03,252,150,1547,20.626666666666665,0.13843400447427293,1736.3544664640435,0.5612005386115202
2011-06-06,106,2010-06-08,2011-06-06,252,150,1547,20.626666666666665,0.13843400447427293,1731.5618740003465,0.5596515429865373
2011-06-07,107,2010-06-09,2011-06-07,252,150,1547,20.626666666666665,0.13843400447427293,1731.328556593753,0.5595761333528614
2011-06-08,108,2010-06-10,2011-06-08,252,150,1547,20.626666666666665,0.13843400447427293,1735.2355358650584,0.5608388932983382
2011-06-09,109,2010-06-11,2011-06-09,252,150,1545,20.6,0.138255033557047,1704.0118864219894,0.5514601574181196
2011-06-10,110,2010-06-14,2011-06-10,252,150,1545,20.6,0.138255033557047,1710.5421016709702,0.5535734956863981
2011-06-13,111,2010-06-15,2011-06-13,252,150,1546,20.613333333333333,0.13834451901565994,1713.6109339819845,0.55420793466429
2011-06-14,112,2010-06-16,2011-06-14,252,150,1546,20.613333333333333,0.13834451901565994,1700.045806029837,0.5498207652101672
2011-06-15,113,2010-06-17,2011-06-15,252,150,1547,20.626666666666665,0.13843400447427293,1710.4512169079244,0.5528284476108353
2011-06-16,114,2010-06-18,2011-06-16,252,150,1546,20.613333333333333,0.13834451901565994,1708.4198656112585,0.5525290639104976
2011-06-17,115,2010-06-21,2011-06-17,252,150,1545,20.6,0.138255033557047,1708.2600886623266,0.5528349801496203
2011-06-20,116,2010-06-22,2011-06-20,252,150,1545,20.6,0.138255033557047,1709.373384035985,0.5531952699145583
2011-06-21,117,2010-06-23,2011-06-21,252,150,1545,20.6,0.138255033557047,1704.9373265188815,0.5517596525951073
2011-06-22,118,2010-06-24,2011-06-22,252,150,1544,20.586666666666666,0.138165548098434,1705.4744324045137,0.5522909431361767
2011-06-23,119,2010-06-25,2011-06-23,252,150,1543,20.573333333333334,0.13807606263982103,1695.1403767046827,0.5493001868777325
2011-06-24,120,2010-06-28,2011-06-24,252,150,1544,20.586666666666666,0.138165548098434,1697.1378012463986,0.5495912568803104
2011-06-27,121,2010-06-29,2011-06-27,252,150,1544,20.586666666666666,0.138165548098434,1699.0781902273636,0.5502196211876178
2011-06-28,122,2010-06-30,2011-06-28,252,151,1554,20.582781456953644,0.1372185430463576,1670.6910201281282,0.5375453732715986
2011-06-29,123,2010-07-01,2011-06-29,252,151,1554,20.582781456953644,0.1372185430463576,1669.3096329316568,0.537100911496672
2011-06-30,124,2010-07-02,2011-06-30,252,151,1554,20.582781456953644,0.1372185430463576,1672.1039838047313,0.537999994789167
2011-07-01,125,2010-07-06,2011-07-01,252,151,1554,20.582781456953644,0.1372185430463576,1676.5704179791428,0.5394370714218606
2011-07-05,126,2010-07-07,2011-07-05,252,151,1554,20.582781456953644,0.1372185430463576,1679.2784278842655,0.5403083744801369
2011-07-06,127,2010-07-08,2011-07-06,252,151,1554,20.582781456953644,0.1372185430463576,1651.4604047422108,0.5313579165837229
2011-07-07,128,2010-07-09,2011-07-07,252,151,1554,20.582781456953644,0.1372185430463576,1654.0295678675716,0.5321845456459368
2011-07-08,129,2010-07-12,2011-07-08,252,151,1555,20.596026490066226,0.13730684326710818,1656.2702430506329,0.5325627791159592
2011-07-11,130,2010-07-13,2011-07-11,252,151,1555,20.596026490066226,0.13730684326710818,1671.4508232569976,0.5374439946163979
2011-07-12,131,2010-07-14,2011-07-12,252,151,1554,20.582781456953644,0.1372185430463576,1657.6634670350177,0.5333537538722708
2011-07-13,132,2010-07-15,2011-07-13,252,151,1554,20.582781456953644,0.1372185430463576,1658.5003650555755,0.5336230260796575
2011-07-14,133,2010-07-16,2011-07-14,252,151,1554,20.582781456953644,0.1372185430463576,1664.5910347991519,0.5355827010293281
2011-07-15,134,2010-07-19,2011-07-15,252,151,1552,20.556291390728475,0.13704194260485653,1629.7608074466557,0.5250518065227627
2011-07-18,135,2010-07-20,2011-07-18,252,151,1553,20.56953642384106,0.13713024282560707,1634.935567866251,0.5263797707231973
2011-07-19,136,2010-07-21,2011-07-19,252,151,1551,20.543046357615893,0.13695364238410596,1633.4238106874993,0.5265711833293034
2011-07-20,137,2010-07-22,2011-07-20,252,151,1550,20.52980132450331,0.1368653421633554,1630.854216238418,0.5260820052381994
2011-07-21,138,2010-07-23,2011-07-21,252,151,1550,20.52980132450331,0.1368653421633554,1606.9903894522777,0.5183839965975089
2011-07-22,139,2010-07-26,2011-07-22,252,151,1551,20.543046357615893,0.13695364238410596,1602.1976592163833,0.51650472573062
2011-07-25,140,2010-07-27,2011-07-25,252,151,1550,20.52980132450331,0.1368653421633554,1597.6874097230655,0.5153830353945372
2011-07-26,141,2010-07-28,2011-07-26,252,151,1549,20.516556291390728,0.13677704194260484,1595.2506996118454,0.5149292122698016
2011-07-27,142,2010-07-29,2011-07-27,252,151,1549,20.516556291390728,0.13677704194260484,1612.6954266936168,0.520560176466629
2011-07-28,143,2010-07-30,2011-07-28,252,151,1551,20.543046357615893,0.13695364238410596,1617.4981508927463,0.5214371859744508
2011-07-29,144,2010-08-02,2011-07-29,252,151,1551,20.543046357615893,0.13695364238410596,1618.7106755238924,0.5218280707685018
2011-08-01,145,2010-08-03,2011-08-01,252,151,1550,20.52980132450331,0.1368653421633554,1603.1671314873429,0.5171506875765622
2011-08-02,146,2010-08-04,2011-08-02,252,151,1551,20.543046357615893,0.13695364238410596,1632.2726293235955,0.5262000739276581
2011-08-03,147,2010-08-05,2011-08-03,252,151,1548,20.503311258278146,0.1366887417218543,1625.857355438602,0.5251477246248715
2011-08-04,148,2010-08-06,2011-08-04,252,151,1550,20.52980132450331,0.1368653421633554,1681.3479369419488,0.5423703022393384
2011-08-05,149,2010-08-09,2011-08-05,252,151,1549,20.516556291390728,0.13677704194260484,1678.6100205122339,0.5418366754397139
2011-08-08,150,2010-08-10,2011-08-08,252,151,1554,20.582781456953644,0.1372185430463576,1763.5544728434688,0.5674242190616051
2011-08-09,151,2010-08-11,2011-08-09,252,151,1560,20.662251655629138,0.13774834437086092,1825.3744533910644,0.5850559145484181
2011-08-10,152,2010-08-12,2011-08-10,252,151,1556,20.60927152317881,0.13739514348785872,1834.9007719706394,0.5896210706846527
2011-08-11,153,2010-08-13,2011-08-11,252,151,1559,20.649006622516556,0.13766004415011038,1880.779792024541,0.6032007030226237
2011-08-12,154,2010-08-16,2011-08-12,252,151,1559,20.649006622516556,0.13766004415011038,1875.9628372727896,0.601655816957277
2011-08-15,155,2010-08-17,2011-08-15,252,151,1558,20.635761589403973,0.13757174392935984,1883.1831465822765,0.6043591612908461
2011-08-16,156,2010-08-18,2011-08-16,252,151,1560,20.662251655629138,0.13774834437086092,1884.339560685606,0.6039549873992327
2011-08-17,157,2010-08-19,2011-08-17,252,151,1560,20.662251655629138,0.13774834437086092,1884.2580984897427,0.6039288777210714
2011-08-18,158,2010-08-20,2011-08-18,252,151,1557,20.62251655629139,0.13748344370860927,1921.2881462050213,0.6169839904319272
2011-08-19,159,2010-08-23,2011-08-19,252,151,1556,20.60927152317881,0.13739514348785872,1924.9104064053677,0.6185444750659922
2011-08-22,160,2010-08-24,2011-08-22,252,151,1556,20.60927152317881,0.13739514348785872,1922.582131382043,0.6177963147114534
2011-08-23,161,2010-08-25,2011-08-23,252,151,1556,20.60927152317881,0.13739514348785872,1935.764949982896,0.6220324389405193
2011-08-24,162,2010-08-26,2011-08-24,252,151,1555,20.596026490066226,0.13730684326710818,1938.9506235211795,0.6234567921289966
2011-08-25,163,2010-08-27,2011-08-25,252,151,1555,20.596026490066226,0.13730684326710818,1943.0404423154719,0.6247718464036887
2011-08-26,164,2010-08-30,2011-08-26,252,151,1555,20.596026490066226,0.13730684326710818,1940.3424715671931,0.6239043316936312
2011-08-29,165,2010-08-31,2011-08-29,252,151,1554,20.582781456953644,0.1372185430463576,1950.499270025376,0.6275737677044324
2011-08-30,166,2010-09-01,2011-08-30,252,151,1554,20.582781456953644,0.1372185430463576,1950.096369454868,0.6274441343162381
2011-08-31,167,2010-09-02,2011-08-31,252,151,1554,20.582781456953644,0.1372185430463576,1929.1555676179355,0.6207064245874954
2011-09-01,168,2010-09-03,2011-09-01,252,151,1554,20.582781456953644,0.1372185430463576,1932.719219487364,0.6218530307230901
2011-09-02,169,2010-09-07,2011-09-02,252,151,1554,20.582781456953644,0.1372185430463576,1946.73936035808,0.6263640155592278
2011-09-06,170,2010-09-08,2011-09-06,252,151,1555,20.596026490066226,0.13730684326710818,1943.3788295389877,0.6248806525848835
2011-09-07,171,2010-09-09,2011-09-07,252,151,1555,20.596026490066226,0.13730684326710818,1962.5130727407188,0.6310331423603598
2011-09-08,172,2010-09-10,2011-09-08,252,151,1555,20.596026490066226,0.13730684326710818,1965.5416733197167,0.6320069689130922
2011-09-09,173,2010-09-13,2011-09-09,252,151,1555,20.596026490066226,0.13730684326710818,1979.3261487118325,0.6364392761131294
2011-09-12,174,2010-09-14,2011-09-12,252,151,1554,20.582781456953644,0.1372185430463576,1972.798767585281,0.6347486382192024
2011-09-13,175,2010-09-15,2011-09-13,252,151,1554,20.582781456953644,0.1372185430463576,1975.8335731033646,0.6357250878710955
2011-09-14,176,2010-09-16,2011-09-14,252,151,1554,20.582781456953644,0.1372185430463576,1978.5372921661071,0.6365950103494553
2011-09-15,177,2010-09-17,2011-09-15,252,151,1554,20.582781456953644,0.1372185430463576,1982.032925635112,0.6377197315428288
2011-09-16,178,2010-09-20,2011-09-16,252,151,1554,20.582781456953644,0.1372185430463576,1983.4379743319441,0.6381718064131094
2011-09-19,179,2010-09-21,2011-09-19,252,151,1555,20.596026490066226,0.13730684326710818,1984.8520838181057,0.6382161041215774
2011-09-20,180,2010-09-22,2011-09-20,252,151,1555,20.596026490066226,0.13730684326710818,1984.5621616617082,0.6381228815632503
2011-09-21,181,2010-09-23,2011-09-21,252,151,1556,20.60927152317881,0.13739514348785872,2002.0509011049062,0.6433325517689287
2011-09-22,182,2010-09-24,2011-09-22,252,151,1558,20.635761589403973,0.13757174392935984,2014.3700934870553,0.6464602353937918
2011-09-23,183,2010-09-27,2011-09-23,252,151,1558,20.635761589403973,0.13757174392935984,2003.4831308452292,0.6429663449439118
2011-09-26,184,2010-09-28,2011-09-26,252,151,1557,20.62251655629139,0.13748344370860927,2007.0840518483146,0.6445356621221305
2011-09-27,185,2010-09-29,2011-09-27,252,151,1557,20.62251655629139,0.13748344370860927,2007.3129070883047,0.6446091544920696
2011-09-28,186,2010-09-30,2011-09-28,252,151,1558,20.635761589403973,0.13757174392935984,2022.4626824871862,0.6490573435453101
2011-09-29,187,2010-10-01,2011-09-29,252,151,1558,20.635761589403973,0.13757174392935984,2021.8766712798338,0.6488692783311405
2011-09-30,188,2010-10-04,2011-09-30,252,151,1557,20.62251655629139,0.13748344370860927,2033.2418535023396,0.6529357268793641
2011-10-03,189,2010-10-05,2011-10-03,252,151,1559,20.649006622516556,0.13766004415011038,2051.80675515376,0.658052198574009
2011-10-04,190,2010-10-06,2011-10-04,252,151,1556,20.60927152317881,0.13739514348785872,2050.5668272193006,0.6589225023198267
2011-10-05,191,2010-10-07,2011-10-05,252,151,1557,20.62251655629139,0.13748344370860927,2055.4966254595397,0.6600824102310661
2011-10-06,192,2010-10-08,2011-10-06,252,151,1556,20.60927152317881,0.13739514348785872,2058.905640128283,0.6616020694499624
2011-10-07,193,2010-10-11,2011-10-07,252,151,1557,20.62251655629139,0.13748344370860927,2060.9366281816283,0.6618293603666116
2011-10-10,194,2010-10-12,2011-10-10,252,151,1559,20.649006622516556,0.13766004415011038,2081.590485968846,0.6676043893421573
2011-10-11,195,2010-10-13,2011-10-11,252,151,1557,20.62251655629139,0.13748344370860927,2077.4017640549255,0.6671168156888008
2011-10-12,196,2010-10-14,2011-10-12,252,151,1557,20.62251655629139,0.13748344370860927,2078.4405127886976,0.667450389463294
2011-10-13,197,2010-10-15,2011-10-13,252,151,1557,20.62251655629139,0.13748344370860927,2076.908884950102,0.6669585372351002
2011-10-14,198,2010-10-18,2011-10-14,252,151,1558,20.635761589403973,0.13757174392935984,2080.673824348577,0.6677387112800311
2011-10-17,199,2010-10-19,2011-10-17,252,151,1558,20.635761589403973,0.13757174392935984,2088.9897552531093,0.670407495267365
2011-10-18,200,2010-10-20,2011-10-18,252,151,1558,20.635761589403973,0.13757174392935984,2096.735276934216,0.6728932210957047
2011-10-19,201,2010-10-21,2011-10-19,252,151,1559,20.649006622516556,0.13766004415011038,2097.1524418939825,0.6725953950910785
2011-10-20,202,2010-10-22,2011-10-20,252,151,1560,20.662251655629138,0.13774834437086092,2097.1177981876117,0.6721531404447474
2011-10-21,203,2010-10-25,2011-10-21,252,151,1562,20.688741721854306,0.13792494481236203,2104.962292381549,0.6738035506983192
2011-10-24,204,2010-10-26,2011-10-24,252,151,1560,20.662251655629138,0.13774834437086092,2106.9001503178397,0.6752885097172563
2011-10-25,205,2010-10-27,2011-10-25,252,151,1562,20.688741721854306,0.13792494481236203,2108.134082705553,0.674818848497296
2011-10-26,206,2010-10-28,2011-10-26,252,151,1562,20.688741721854306,0.13792494481236203,2110.2850385963275,0.6755073747107322
2011-10-27,207,2010-10-29,2011-10-27,252,151,1561,20.67549668874172,0.1378366445916115,2127.3978312866466,0.6814214706235255
2011-10-28,208,2010-11-01,2011-10-28,252,151,1561,20.67549668874172,0.1378366445916115,2125.696014528013,0.6808763659602861
2011-10-31,209,2010-11-02,2011-10-31,252,151,1561,20.67549668874172,0.1378366445916115,2132.519507267774,0.6830619818282427
2011-11-01,210,2010-11-03,2011-11-01,252,151,1561,20.67549668874172,0.1378366445916115,2145.332585218923,0.6871661067325187
2011-11-02,211,2010-11-04,2011-11-02,252,151,1561,20.67549668874172,0.1378366445916115,2151.4762175539645,0.6891339582171571
2011-11-03,212,2010-11-05,2011-11-03,252,151,1562,20.688741721854306,0.13792494481236203,2148.708217565276,0.6878067277737758
2011-11-04,213,2010-11-08,2011-11-04,252,151,1564,20.71523178807947,0.13810154525386314,2152.535969003022,0.6881508852311451
2011-11-07,214,2010-11-09,2011-11-07,252,151,1564,20.71523178807947,0.13810154525386314,2151.4772673058214,0.6878124256092779
2011-11-08,215,2010-11-10,2011-11-08,252,151,1563,20.70198675496689,0.13801324503311257,2147.4030903515095,0.6869491651796256
2011-11-09,216,2010-11-11,2011-11-09,252,151,1563,20.70198675496689,0.13801324503311257,2166.3911439166422,0.6930233985657844
2011-11-10,217,2010-11-12,2011-11-10,252,151,1563,20.70198675496689,0.13801324503311257,2167.4762789610113,0.6933705306977004
2011-11-11,218,2010-11-15,2011-11-11,252,151,1563,20.70198675496689,0.13801324503311257,2170.0008667910715,0.694178140368225
2011-11-14,219,2010-11-16,2011-11-14,252,151,1563,20.70198675496689,0.13801324503311257,2171.211566845906,0.694565440449746
2011-11-15,220,2010-11-17,2011-11-15,252,151,1564,20.71523178807947,0.13810154525386314,2168.4842233773525,0.6932494320260079
2011-11-16,221,2010-11-18,2011-11-16,252,151,1563,20.70198675496689,0.13801324503311257,2168.9512607773286,0.6938423738891006
2011-11-17,222,2010-11-19,2011-11-17,252,151,1563,20.70198675496689,0.13801324503311257,2171.0153432282104,0.6945026689789541
2011-11-18,223,2010-11-22,2011-11-18,252,151,1562,20.688741721854306,0.13792494481236203,2169.11529678817,0.6943390834789276
2011-11-21,224,2010-11-23,2011-11-21,252,151,1562,20.688741721854306,0.13792494481236203,2173.2907334481188,0.6956756509116897
2011-11-22,225,2010-11-24,2011-11-22,252,151,1562,20.688741721854306,0.13792494481236203,2170.5312456702954,0.694792332160786
2011-11-23,226,2010-11-26,2011-11-23,252,151,1562,20.688741721854306,0.13792494481236203,2172.1037451200145,0.6952956930601839
2011-11-25,227,2010-11-29,2011-11-25,252,151,1562,20.688741721854306,0.13792494481236203,2171.0598270578394,0.6949615323488603
2011-11-28,228,2010-11-30,2011-11-28,252,151,1562,20.688741721854306,0.13792494481236203,2181.4430994083723,0.6982852430884674
2011-11-29,229,2010-12-01,2011-11-29,252,151,1562,20.688741721854306,0.13792494481236203,2180.7060718494185,0.6980493187738216
2011-11-30,230,2010-12-02,2011-11-30,252,151,1561,20.67549668874172,0.1378366445916115,2196.529990777343,0.7035650194674384
2011-12-01,231,2010-12-03,2011-12-01,252,151,1561,20.67549668874172,0.1378366445916115,2194.913061710945,0.7030471049682719
2011-12-02,232,2010-12-06,2011-12-02,252,151,1560,20.662251655629138,0.13774834437086092,2191.773625327242,0.7024915465792442
2011-12-05,233,2010-12-07,2011-12-05,252,151,1560,20.662251655629138,0.13774834437086092,2192.50648086613,0.7027264361750417
2011-12-06,234,2010-12-08,2011-12-06,252,151,1560,20.662251655629138,0.13774834437086092,2193.221673955515,0.7029556647293318
2011-12-07,235,2010-12-09,2011-12-07,252,151,1560,20.662251655629138,0.13774834437086092,2194.0168337386276,0.7032105236341755
2011-12-08,236,2010-12-10,2011-12-08,252,151,1560,20.662251655629138,0.13774834437086092,2200.998732669349,0.7054483117529965
2011-12-09,237,2010-12-13,2011-12-09,252,151,1560,20.662251655629138,0.13774834437086092,2205.1264426653966,0.7067712957260887
2011-12-12,238,2010-12-14,2011-12-12,252,151,1561,20.67549668874172,0.1378366445916115,2209.033324864573,0.7075699310905103
2011-12-13,239,2010-12-15,2011-12-13,252,151,1560,20.662251655629138,0.13774834437086092,2209.54980684141,0.708189040654298
2011-12-14,240,2010-12-16,2011-12-14,252,151,1559,20.649006622516556,0.13766004415011038,2207.5029934178315,0.7079868484341987
2011-12-15,241,2010-12-17,2011-12-15,252,151,1559,20.649006622516556,0.13766004415011038,2205.867988677338,0.7074624723147331
2011-12-16,242,2010-12-20,2011-12-16,252,151,1559,20.649006622516556,0.13766004415011038,2207.2080760334006,0.7078922629998078
2011-12-19,243,2010-12-21,2011-12-19,252,151,1559,20.649006622516556,0.13766004415011038,2209.7655087862704,0.708712478764038
2011-12-20,244,2010-12-22,2011-12-20,252,151,1560,20.662251655629138,0.13774834437086092,2220.499711606216,0.7116986255148128
2011-12-21,245,2010-12-23,2011-12-21,252,151,1560,20.662251655629138,0.13774834437086092,2215.617491710338,0.7101338114456212
2011-12-22,246,2010-12-27,2011-12-22,252,151,1561,20.67549668874172,0.1378366445916115,2216.7507923997327,0.710041893785949
2011-12-23,247,2010-12-28,2011-12-23,252,151,1560,20.662251655629138,0.13774834437086092,2216.410400564622,0.7103879488989172
2011-12-27,248,2010-12-29,2011-12-27,252,151,1560,20.662251655629138,0.13774834437086092,2215.9476357290687,0.71023962683624
2011-12-28,249,2010-12-30,2011-12-28,252,151,1560,20.662251655629138,0.13774834437086092,2217.713490082104,0.7108056057955461
2011-12-29,250,2010-12-31,2011-12-29,252,151,1560,20.662251655629138,0.13774834437086092,2219.157897746779,0.7112685569701215
2011-12-30,251,2011-01-03,2011-12-30,252,151,1560,20.662251655629138,0.13774834437086092,2219.5047647893334,0.7113797323042735
