date,window_id,window_start,window_end,n_days,n_assets,prec_num_edges,prec_avg_degree,prec_density,prec_total_weight,prec_avg_weight
2011-01-03,0,2010-01-05,2011-01-03,252,150,1500,20.0,0.1342281879194631,131.68719728398892,0.043895732427996305
2011-01-04,1,2010-01-06,2011-01-04,252,150,1500,20.0,0.1342281879194631,139.28931146481744,0.04642977048827248
2011-01-05,2,2010-01-07,2011-01-05,252,150,1500,20.0,0.1342281879194631,131.66315029247988,0.043887716764159965
2011-01-06,3,2010-01-08,2011-01-06,252,150,1500,20.0,0.1342281879194631,139.3956844387626,0.0464652281462542
2011-01-07,4,2010-01-11,2011-01-07,252,150,1500,20.0,0.1342281879194631,139.31890083409002,0.046439633611363336
2011-01-10,5,2010-01-12,2011-01-10,252,150,1500,20.0,0.1342281879194631,139.13285039012646,0.04637761679670882
2011-01-11,6,2010-01-13,2011-01-11,252,150,1500,20.0,0.1342281879194631,139.20228154132505,0.046400760513775015
2011-01-12,7,2010-01-14,2011-01-12,252,150,1500,20.0,0.1342281879194631,139.2739365671784,0.046424645522392796
2011-01-13,8,2010-01-15,2011-01-13,252,150,1500,20.0,0.1342281879194631,139.37707665510433,0.04645902555170144
2011-01-14,9,2010-01-19,2011-01-14,252,150,1500,20.0,0.1342281879194631,131.90034771284115,0.04396678257094705
2011-01-18,10,2010-01-20,2011-01-18,252,150,1500,20.0,0.1342281879194631,139.37532661688056,0.04645844220562685
2011-01-19,11,2010-01-21,2011-01-19,252,150,1500,20.0,0.1342281879194631,139.13659198647755,0.04637886399549252
2011-01-20,12,2010-01-22,2011-01-20,252,150,1500,20.0,0.1342281879194631,131.75378289620545,0.04391792763206848
2011-01-21,13,2010-01-25,2011-01-21,252,150,1500,20.0,0.1342281879194631,131.8681754290351,0.04395605847634503
2011-01-24,14,2010-01-26,2011-01-24,252,150,1500,20.0,0.1342281879194631,139.46090657942165,0.046486968859807215
2011-01-25,15,2010-01-27,2011-01-25,252,150,1500,20.0,0.1342281879194631,131.81195768308294,0.04393731922769431
2011-01-26,16,2010-01-28,2011-01-26,252,150,1500,20.0,0.1342281879194631,139.17024936207883,0.04639008312069295
2011-01-27,17,2010-01-29,2011-01-27,252,150,1500,20.0,0.1342281879194631,139.46033529810933,0.04648677843270311
2011-01-28,18,2010-02-01,2011-01-28,252,150,1500,20.0,0.1342281879194631,131.5768332141538,0.04385894440471793
2011-01-31,19,2010-02-02,2011-01-31,252,150,1500,20.0,0.1342281879194631,139.57747914490756,0.046525826381635854
2011-02-01,20,2010-02-03,2011-02-01,252,150,1500,20.0,0.1342281879194631,139.53182853003557,0.046510609510011854
2011-02-02,21,2010-02-04,2011-02-02,252,150,1500,20.0,0.1342281879194631,139.47851402967737,0.046492838009892457
2011-02-03,22,2010-02-05,2011-02-03,252,150,1500,20.0,0.1342281879194631,139.65899397205385,0.046552997990684616
2011-02-04,23,2010-02-08,2011-02-04,252,150,1500,20.0,0.1342281879194631,139.69229349856863,0.04656409783285621
2011-02-07,24,2010-02-09,2011-02-07,252,150,1500,20.0,0.1342281879194631,139.6758055996995,0.0465586018665665
2011-02-08,25,2010-02-10,2011-02-08,252,150,1500,20.0,0.1342281879194631,139.52331467518633,0.046507771558395444
2011-02-09,26,2010-02-11,2011-02-09,252,150,1500,20.0,0.1342281879194631,139.6813271542528,0.04656044238475094
2011-02-10,27,2010-02-12,2011-02-10,252,150,1500,20.0,0.1342281879194631,139.84251761581203,0.04661417253860401
2011-02-11,28,2010-02-16,2011-02-11,252,150,1500,20.0,0.1342281879194631,139.85955912892112,0.046619853042973704
2011-02-14,29,2010-02-17,2011-02-14,252,150,1500,20.0,0.1342281879194631,139.85636251503678,0.046618787505012256
2011-02-15,30,2010-02-18,2011-02-15,252,150,1500,20.0,0.1342281879194631,140.00350475365497,0.04666783491788499
2011-02-16,31,2010-02-19,2011-02-16,252,150,1500,20.0,0.1342281879194631,139.95017030652008,0.04665005676884003
2011-02-17,32,2010-02-22,2011-02-17,252,150,1500,20.0,0.1342281879194631,131.1795041926473,0.0437265013975491
2011-02-18,33,2010-02-23,2011-02-18,252,150,1500,20.0,0.1342281879194631,139.78292739775702,0.04659430913258567
2011-02-22,34,2010-02-24,2011-02-22,252,150,1500,20.0,0.1342281879194631,131.34873600214763,0.04378291200071588
2011-02-23,35,2010-02-25,2011-02-23,252,150,1500,20.0,0.1342281879194631,139.96504362010612,0.04665501454003537
2011-02-24,36,2010-02-26,2011-02-24,252,150,1500,20.0,0.1342281879194631,131.55056880485233,0.04385018960161744
2011-02-25,37,2010-03-01,2011-02-25,252,150,1500,20.0,0.1342281879194631,140.14083230473526,0.04671361076824509
2011-02-28,38,2010-03-02,2011-02-28,252,150,1500,20.0,0.1342281879194631,131.790573377459,0.04393019112581967
2011-03-01,39,2010-03-03,2011-03-01,252,150,1500,20.0,0.1342281879194631,140.05823732529203,0.04668607910843067
2011-03-02,40,2010-03-04,2011-03-02,252,150,1500,20.0,0.1342281879194631,139.99866141869617,0.04666622047289872
2011-03-03,41,2010-03-05,2011-03-03,252,150,1500,20.0,0.1342281879194631,139.98946716133344,0.04666315572044448
2011-03-04,42,2010-03-08,2011-03-04,252,150,1500,20.0,0.1342281879194631,139.91889749526393,0.04663963249842131
2011-03-07,43,2010-03-09,2011-03-07,252,150,1500,20.0,0.1342281879194631,131.5193097714693,0.043839769923823095
2011-03-08,44,2010-03-10,2011-03-08,252,150,1500,20.0,0.1342281879194631,139.92604955356072,0.046642016517853574
2011-03-09,45,2010-03-11,2011-03-09,252,150,1500,20.0,0.1342281879194631,140.02682283130184,0.04667560761043395
2011-03-10,46,2010-03-12,2011-03-10,252,150,1500,20.0,0.1342281879194631,140.01679672515934,0.046672265575053114
2011-03-11,47,2010-03-15,2011-03-11,252,150,1500,20.0,0.1342281879194631,139.99065239786188,0.046663550799287294
2011-03-14,48,2010-03-16,2011-03-14,252,150,1500,20.0,0.1342281879194631,131.84574935502138,0.04394858311834046
2011-03-15,49,2010-03-17,2011-03-15,252,150,1500,20.0,0.1342281879194631,131.93700655314376,0.043979002184381256
2011-03-16,50,2010-03-18,2011-03-16,252,150,1500,20.0,0.1342281879194631,140.00475861874108,0.04666825287291369
2011-03-17,51,2010-03-19,2011-03-17,252,150,1500,20.0,0.1342281879194631,87.42872042568311,0.029142906808561037
2011-03-18,52,2010-03-22,2011-03-18,252,150,1500,20.0,0.1342281879194631,140.14003855041506,0.046713346183471685
2011-03-21,53,2010-03-23,2011-03-21,252,150,1500,20.0,0.1342281879194631,131.68464747963148,0.043894882493210496
2011-03-22,54,2010-03-24,2011-03-22,252,150,1500,20.0,0.1342281879194631,140.0638656049902,0.046687955201663404
2011-03-23,55,2010-03-25,2011-03-23,252,150,1500,20.0,0.1342281879194631,140.21985614740578,0.04673995204913526
2011-03-24,56,2010-03-26,2011-03-24,252,150,1500,20.0,0.1342281879194631,131.72220772594918,0.04390740257531639
2011-03-25,57,2010-03-29,2011-03-25,252,150,1500,20.0,0.1342281879194631,131.76581104387265,0.04392193701462421
2011-03-28,58,2010-03-30,2011-03-28,252,150,1500,20.0,0.1342281879194631,131.80260774848853,0.043934202582829505
2011-03-29,59,2010-03-31,2011-03-29,252,150,1500,20.0,0.1342281879194631,87.4233898126931,0.029141129937564368
2011-03-30,60,2010-04-01,2011-03-30,252,150,1500,20.0,0.1342281879194631,140.46222385953573,0.04682074128651191
2011-03-31,61,2010-04-05,2011-03-31,252,150,1500,20.0,0.1342281879194631,131.99441773804253,0.04399813924601417
2011-04-01,62,2010-04-06,2011-04-01,252,150,1500,20.0,0.1342281879194631,132.06295403930463,0.044020984679768206
2011-04-04,63,2010-04-07,2011-04-04,252,150,1500,20.0,0.1342281879194631,132.01248469802164,0.04400416156600721
2011-04-05,64,2010-04-08,2011-04-05,252,150,1500,20.0,0.1342281879194631,131.95892672479573,0.04398630890826524
2011-04-06,65,2010-04-09,2011-04-06,252,150,1500,20.0,0.1342281879194631,131.8822278778569,0.0439607426259523
2011-04-07,66,2010-04-12,2011-04-07,252,150,1500,20.0,0.1342281879194631,131.7802884848318,0.04392676282827727
2011-04-08,67,2010-04-13,2011-04-08,252,150,1500,20.0,0.1342281879194631,140.56263224451678,0.04685421074817226
2011-04-11,68,2010-04-14,2011-04-11,252,150,1500,20.0,0.1342281879194631,131.7122507584943,0.043904083586164766
2011-04-12,69,2010-04-15,2011-04-12,252,150,1500,20.0,0.1342281879194631,140.47633279224482,0.046825444264081605
2011-04-13,70,2010-04-16,2011-04-13,252,150,1500,20.0,0.1342281879194631,140.51998725394475,0.046839995751314915
2011-04-14,71,2010-04-19,2011-04-14,252,150,1500,20.0,0.1342281879194631,131.80164735480173,0.04393388245160058
2011-04-15,72,2010-04-20,2011-04-15,252,150,1500,20.0,0.1342281879194631,140.33805894823269,0.04677935298274423
2011-04-18,73,2010-04-21,2011-04-18,252,150,1500,20.0,0.1342281879194631,140.3659026250262,0.04678863420834206
2011-04-19,74,2010-04-22,2011-04-19,252,150,1500,20.0,0.1342281879194631,131.56967833602536,0.04385655944534179
2011-04-20,75,2010-04-23,2011-04-20,252,150,1500,20.0,0.1342281879194631,139.42153219229073,0.04647384406409691
2011-04-21,76,2010-04-26,2011-04-21,252,150,1500,20.0,0.1342281879194631,139.3433559743654,0.04644778532478847
2011-04-25,77,2010-04-27,2011-04-25,252,150,1500,20.0,0.1342281879194631,139.23472107942666,0.04641157369314222
2011-04-26,78,2010-04-28,2011-04-26,252,150,1500,20.0,0.1342281879194631,139.3428371028611,0.046447612367620364
2011-04-27,79,2010-04-29,2011-04-27,252,150,1500,20.0,0.1342281879194631,139.53188544287627,0.04651062848095876
2011-04-28,80,2010-04-30,2011-04-28,252,150,1500,20.0,0.1342281879194631,131.3463086956283,0.043782102898542764
2011-04-29,81,2010-05-03,2011-04-29,252,150,1500,20.0,0.1342281879194631,131.29785702302172,0.04376595234100724
2011-05-02,82,2010-05-04,2011-05-02,252,150,1500,20.0,0.1342281879194631,131.4296130997879,0.043809871033262636
2011-05-03,83,2010-05-05,2011-05-03,252,150,1500,20.0,0.1342281879194631,84.36871403587446,0.02812290467862482
2011-05-04,84,2010-05-06,2011-05-04,252,150,1500,20.0,0.1342281879194631,84.37754605669608,0.02812584868556536
2011-05-05,85,2010-05-07,2011-05-05,252,150,1500,20.0,0.1342281879194631,139.49864186876013,0.04649954728958671
2011-05-06,86,2010-05-10,2011-05-06,252,150,1500,20.0,0.1342281879194631,139.46043536997712,0.04648681178999237
2011-05-09,87,2010-05-11,2011-05-09,252,150,1500,20.0,0.1342281879194631,139.51219318660975,0.04650406439553658
2011-05-10,88,2010-05-12,2011-05-10,252,150,1500,20.0,0.1342281879194631,139.43043793493337,0.046476812644977786
2011-05-11,89,2010-05-13,2011-05-11,252,150,1500,20.0,0.1342281879194631,139.29763685664867,0.04643254561888289
2011-05-12,90,2010-05-14,2011-05-12,252,150,1500,20.0,0.1342281879194631,139.59656441021377,0.04653218813673792
2011-05-13,91,2010-05-17,2011-05-13,252,150,1500,20.0,0.1342281879194631,139.72457303487377,0.046574857678291254
2011-05-16,92,2010-05-18,2011-05-16,252,150,1500,20.0,0.1342281879194631,139.8035621987601,0.0466011873995867
2011-05-17,93,2010-05-19,2011-05-17,252,150,1500,20.0,0.1342281879194631,139.7995381891876,0.04659984606306253
2011-05-18,94,2010-05-20,2011-05-18,252,150,1500,20.0,0.1342281879194631,139.93113091920276,0.046643710306400916
2011-05-19,95,2010-05-21,2011-05-19,252,150,1500,20.0,0.1342281879194631,140.02797202195325,0.04667599067398442
2011-05-20,96,2010-05-24,2011-05-20,252,150,1500,20.0,0.1342281879194631,140.06924010146952,0.04668974670048984
2011-05-23,97,2010-05-25,2011-05-23,252,150,1500,20.0,0.1342281879194631,140.05803555276208,0.046686011850920694
2011-05-24,98,2010-05-26,2011-05-24,252,150,1500,20.0,0.1342281879194631,140.1518056920267,0.0467172685640089
2011-05-25,99,2010-05-27,2011-05-25,252,150,1500,20.0,0.1342281879194631,140.09431510223612,0.04669810503407871
2011-05-26,100,2010-05-28,2011-05-26,252,150,1500,20.0,0.1342281879194631,140.32577149731202,0.046775257165770676
2011-05-27,101,2010-06-01,2011-05-27,252,150,1500,20.0,0.1342281879194631,131.26562034173756,0.04375520678057919
2011-05-31,102,2010-06-02,2011-05-31,252,150,1500,20.0,0.1342281879194631,140.52916148582324,0.04684305382860775
2011-06-01,103,2010-06-03,2011-06-01,252,150,1500,20.0,0.1342281879194631,131.1286290393399,0.0437095430131133
2011-06-02,104,2010-06-04,2011-06-02,252,150,1500,20.0,0.1342281879194631,131.06872904696468,0.04368957634898823
2011-06-03,105,2010-06-07,2011-06-03,252,150,1500,20.0,0.1342281879194631,140.79691420713516,0.04693230473571172
2011-06-06,106,2010-06-08,2011-06-06,252,150,1500,20.0,0.1342281879194631,140.6559610526692,0.046885320350889735
2011-06-07,107,2010-06-09,2011-06-07,252,150,1500,20.0,0.1342281879194631,140.56779386776515,0.04685593128925505
2011-06-08,108,2010-06-10,2011-06-08,252,150,1500,20.0,0.1342281879194631,140.64613242539585,0.04688204414179862
2011-06-09,109,2010-06-11,2011-06-09,252,150,1500,20.0,0.1342281879194631,140.6153582049326,0.04687178606831086
2011-06-10,110,2010-06-14,2011-06-10,252,150,1500,20.0,0.1342281879194631,140.59677522803986,0.04686559174267995
2011-06-13,111,2010-06-15,2011-06-13,252,150,1500,20.0,0.1342281879194631,140.66432526750532,0.046888108422501774
2011-06-14,112,2010-06-16,2011-06-14,252,150,1500,20.0,0.1342281879194631,140.65471713310848,0.04688490571103616
2011-06-15,113,2010-06-17,2011-06-15,252,150,1500,20.0,0.1342281879194631,130.7786053101309,0.0435928684367103
2011-06-16,114,2010-06-18,2011-06-16,252,150,1500,20.0,0.1342281879194631,140.86194760237163,0.046953982534123875
2011-06-17,115,2010-06-21,2011-06-17,252,150,1500,20.0,0.1342281879194631,140.97184488509146,0.04699061496169715
2011-06-20,116,2010-06-22,2011-06-20,252,150,1500,20.0,0.1342281879194631,141.01681612695202,0.047005605375650676
2011-06-21,117,2010-06-23,2011-06-21,252,150,1500,20.0,0.1342281879194631,140.89167699465784,0.04696389233155261
2011-06-22,118,2010-06-24,2011-06-22,252,150,1500,20.0,0.1342281879194631,140.97362384016148,0.046991207946720494
2011-06-23,119,2010-06-25,2011-06-23,252,150,1500,20.0,0.1342281879194631,141.15346670483058,0.04705115556827686
2011-06-24,120,2010-06-28,2011-06-24,252,150,1500,20.0,0.1342281879194631,130.77586565425554,0.04359195521808518
2011-06-27,121,2010-06-29,2011-06-27,252,150,1500,20.0,0.1342281879194631,130.71144239907835,0.043570480799692786
2011-06-28,122,2010-06-30,2011-06-28,252,151,1510,20.0,0.13333333333333333,141.80160670871302,0.04695417440685862
2011-06-29,123,2010-07-01,2011-06-29,252,151,1510,20.0,0.13333333333333333,141.91399002114423,0.046991387424219946
2011-06-30,124,2010-07-02,2011-06-30,252,151,1510,20.0,0.13333333333333333,130.63783828614058,0.04325756234640416
2011-07-01,125,2010-07-06,2011-07-01,252,151,1510,20.0,0.13333333333333333,141.84182989248484,0.046967493341882396
2011-07-05,126,2010-07-07,2011-07-05,252,151,1510,20.0,0.13333333333333333,130.40703031822525,0.043181135866962005
2011-07-06,127,2010-07-08,2011-07-06,252,151,1510,20.0,0.13333333333333333,130.07893063331224,0.04307249358718948
2011-07-07,128,2010-07-09,2011-07-07,252,151,1510,20.0,0.13333333333333333,130.1023703109746,0.043080255069859144
2011-07-08,129,2010-07-12,2011-07-08,252,151,1510,20.0,0.13333333333333333,130.06436392048624,0.04306767017234644
2011-07-11,130,2010-07-13,2011-07-11,252,151,1510,20.0,0.13333333333333333,130.11726337764588,0.04308518654888936
2011-07-12,131,2010-07-14,2011-07-12,252,151,1510,20.0,0.13333333333333333,141.91854426309695,0.046992895451356605
2011-07-13,132,2010-07-15,2011-07-13,252,151,1510,20.0,0.13333333333333333,130.0008271273853,0.0430466314991342
2011-07-14,133,2010-07-16,2011-07-14,252,151,1510,20.0,0.13333333333333333,141.9323913479828,0.04699748057880225
2011-07-15,134,2010-07-19,2011-07-15,252,151,1510,20.0,0.13333333333333333,141.90306073777452,0.04698776845621673
2011-07-18,135,2010-07-20,2011-07-18,252,151,1510,20.0,0.13333333333333333,129.4749766183327,0.042872508814017454
2011-07-19,136,2010-07-21,2011-07-19,252,151,1510,20.0,0.13333333333333333,141.95308116993078,0.047004331513222114
2011-07-20,137,2010-07-22,2011-07-20,252,151,1510,20.0,0.13333333333333333,129.31797552466688,0.042820521696909565
2011-07-21,138,2010-07-23,2011-07-21,252,151,816,10.80794701986755,0.07205298013245033,55.72526404922105,0.034145382383101136
2011-07-22,139,2010-07-26,2011-07-22,252,151,1510,20.0,0.13333333333333333,142.26139990894268,0.04710642381090817
2011-07-25,140,2010-07-27,2011-07-25,252,151,1510,20.0,0.13333333333333333,129.365689599488,0.042836321059433115
2011-07-26,141,2010-07-28,2011-07-26,252,151,1510,20.0,0.13333333333333333,142.2883724501431,0.04711535511594142
2011-07-27,142,2010-07-29,2011-07-27,252,151,1510,20.0,0.13333333333333333,142.21045594905385,0.047089554950017834
2011-07-28,143,2010-07-30,2011-07-28,252,151,1510,20.0,0.13333333333333333,141.7565472816371,0.04693925406676725
2011-07-29,144,2010-08-02,2011-07-29,252,151,1510,20.0,0.13333333333333333,141.77038806864456,0.0469438371088227
2011-08-01,145,2010-08-03,2011-08-01,252,151,1510,20.0,0.13333333333333333,129.5692244540154,0.04290371670662761
2011-08-02,146,2010-08-04,2011-08-02,252,151,1510,20.0,0.13333333333333333,130.10665010507012,0.04308167222022189
2011-08-03,147,2010-08-05,2011-08-03,252,151,1510,20.0,0.13333333333333333,141.98722385343933,0.047015637037562695
2011-08-04,148,2010-08-06,2011-08-04,252,151,1510,20.0,0.13333333333333333,141.70493109597777,0.046922162614562175
2011-08-05,149,2010-08-09,2011-08-05,252,151,1510,20.0,0.13333333333333333,142.05624350552242,0.047038491226994175
2011-08-08,150,2010-08-10,2011-08-08,252,151,1510,20.0,0.13333333333333333,141.61218584695115,0.046891452267202365
2011-08-09,151,2010-08-11,2011-08-09,252,151,1510,20.0,0.13333333333333333,141.46205786142755,0.046841741013717735
2011-08-10,152,2010-08-12,2011-08-10,252,151,1510,20.0,0.13333333333333333,141.3070085297029,0.04679040017539831
2011-08-11,153,2010-08-13,2011-08-11,252,151,1510,20.0,0.13333333333333333,141.297332323237,0.04678719613352218
2011-08-12,154,2010-08-16,2011-08-12,252,151,1510,20.0,0.13333333333333333,141.4760572793446,0.046846376582564436
2011-08-15,155,2010-08-17,2011-08-15,252,151,1510,20.0,0.13333333333333333,141.3378686520877,0.04680061875896944
2011-08-16,156,2010-08-18,2011-08-16,252,151,1510,20.0,0.13333333333333333,141.37628350154898,0.04681333890779767
2011-08-17,157,2010-08-19,2011-08-17,252,151,1510,20.0,0.13333333333333333,141.36550470158025,0.04680976976873518
2011-08-18,158,2010-08-20,2011-08-18,252,151,1510,20.0,0.13333333333333333,141.46209760052224,0.046841754172358356
2011-08-19,159,2010-08-23,2011-08-19,252,151,1510,20.0,0.13333333333333333,141.40398733377538,0.04682251236217728
2011-08-22,160,2010-08-24,2011-08-22,252,151,1510,20.0,0.13333333333333333,141.4861030018866,0.04684970298075715
2011-08-23,161,2010-08-25,2011-08-23,252,151,1510,20.0,0.13333333333333333,141.56743421057354,0.046876633844560776
2011-08-24,162,2010-08-26,2011-08-24,252,151,1510,20.0,0.13333333333333333,141.57216310880767,0.0468781997049032
2011-08-25,163,2010-08-27,2011-08-25,252,151,1510,20.0,0.13333333333333333,141.53147066761187,0.04686472538662645
2011-08-26,164,2010-08-30,2011-08-26,252,151,1510,20.0,0.13333333333333333,141.88028079264973,0.04698022542802971
2011-08-29,165,2010-08-31,2011-08-29,252,151,1510,20.0,0.13333333333333333,141.8379550684536,0.046966210287567416
2011-08-30,166,2010-09-01,2011-08-30,252,151,1510,20.0,0.13333333333333333,141.83896764430057,0.046966545577582966
2011-08-31,167,2010-09-02,2011-08-31,252,151,1510,20.0,0.13333333333333333,141.7970205028965,0.04695265579566109
2011-09-01,168,2010-09-03,2011-09-01,252,151,1510,20.0,0.13333333333333333,141.6686596844552,0.04691015221339576
2011-09-02,169,2010-09-07,2011-09-02,252,151,1510,20.0,0.13333333333333333,141.65366738557276,0.04690518787601747
2011-09-06,170,2010-09-08,2011-09-06,252,151,1511,20.013245033112582,0.13342163355408387,96.58649259036343,0.03196111601269472
2011-09-07,171,2010-09-09,2011-09-07,252,151,1510,20.0,0.13333333333333333,141.64417736901083,0.04690204548642743
2011-09-08,172,2010-09-10,2011-09-08,252,151,1510,20.0,0.13333333333333333,141.56809026647898,0.04687685108161555
2011-09-09,173,2010-09-13,2011-09-09,252,151,1510,20.0,0.13333333333333333,141.63843294871856,0.046900143360502834
2011-09-12,174,2010-09-14,2011-09-12,252,151,1510,20.0,0.13333333333333333,141.6806568432687,0.046914124782539306
2011-09-13,175,2010-09-15,2011-09-13,252,151,1510,20.0,0.13333333333333333,134.90481565066955,0.04467046875849985
2011-09-14,176,2010-09-16,2011-09-14,252,151,1510,20.0,0.13333333333333333,141.84726165023403,0.046969291937163586
2011-09-15,177,2010-09-17,2011-09-15,252,151,1510,20.0,0.13333333333333333,141.8161524609418,0.046958990881106555
2011-09-16,178,2010-09-20,2011-09-16,252,151,1510,20.0,0.13333333333333333,141.57268003303471,0.0468783708718658
2011-09-19,179,2010-09-21,2011-09-19,252,151,1510,20.0,0.13333333333333333,134.79106004581854,0.04463280133967501
2011-09-20,180,2010-09-22,2011-09-20,252,151,1510,20.0,0.13333333333333333,141.7342416150069,0.046931868084439374
2011-09-21,181,2010-09-23,2011-09-21,252,151,1510,20.0,0.13333333333333333,141.7882925539222,0.04694976574633185
2011-09-22,182,2010-09-24,2011-09-22,252,151,1510,20.0,0.13333333333333333,135.32642747659202,0.04481007532337484
2011-09-23,183,2010-09-27,2011-09-23,252,151,1510,20.0,0.13333333333333333,141.78938433559568,0.04695012726344228
2011-09-26,184,2010-09-28,2011-09-26,252,151,1510,20.0,0.13333333333333333,135.363729835254,0.044822427097766224
2011-09-27,185,2010-09-29,2011-09-27,252,151,1510,20.0,0.13333333333333333,141.91477974767508,0.04699164892307122
2011-09-28,186,2010-09-30,2011-09-28,252,151,1510,20.0,0.13333333333333333,141.79106954854737,0.04695068528097595
2011-09-29,187,2010-10-01,2011-09-29,252,151,1510,20.0,0.13333333333333333,135.0437878490635,0.04471648604273626
2011-09-30,188,2010-10-04,2011-09-30,252,151,1510,20.0,0.13333333333333333,141.89315809485532,0.04698448943538256
2011-10-03,189,2010-10-05,2011-10-03,252,151,1510,20.0,0.13333333333333333,141.75327784865019,0.04693817147306298
2011-10-04,190,2010-10-06,2011-10-04,252,151,1512,20.026490066225165,0.13350993377483444,101.66251375792166,0.033618556136878856
2011-10-05,191,2010-10-07,2011-10-05,252,151,1510,20.0,0.13333333333333333,142.24160436968677,0.047099868996585026
2011-10-06,192,2010-10-08,2011-10-06,252,151,1510,20.0,0.13333333333333333,142.16573942497,0.04707474815396358
2011-10-07,193,2010-10-11,2011-10-07,252,151,1510,20.0,0.13333333333333333,142.41043958467247,0.047155774696911415
2011-10-10,194,2010-10-12,2011-10-10,252,151,1510,20.0,0.13333333333333333,135.18916303189485,0.044764623520494984
2011-10-11,195,2010-10-13,2011-10-11,252,151,1510,20.0,0.13333333333333333,135.215932009646,0.04477348742041258
2011-10-12,196,2010-10-14,2011-10-12,252,151,1510,20.0,0.13333333333333333,135.32000727728126,0.04480794942956333
2011-10-13,197,2010-10-15,2011-10-13,252,151,1510,20.0,0.13333333333333333,142.5030075223712,0.047186426331910995
2011-10-14,198,2010-10-18,2011-10-14,252,151,1510,20.0,0.13333333333333333,135.41076004997794,0.04483800001654899
2011-10-17,199,2010-10-19,2011-10-17,252,151,1510,20.0,0.13333333333333333,142.4520565201796,0.04716955513913232
2011-10-18,200,2010-10-20,2011-10-18,252,151,1510,20.0,0.13333333333333333,142.68605156550916,0.04724703694222158
2011-10-19,201,2010-10-21,2011-10-19,252,151,1510,20.0,0.13333333333333333,135.76554513718924,0.04495547852224809
2011-10-20,202,2010-10-22,2011-10-20,252,151,1510,20.0,0.13333333333333333,135.66940411985556,0.04492364374829654
2011-10-21,203,2010-10-25,2011-10-21,252,151,1510,20.0,0.13333333333333333,135.49573083859815,0.04486613603927091
2011-10-24,204,2010-10-26,2011-10-24,252,151,1510,20.0,0.13333333333333333,143.12833822247995,0.04739348947764237
2011-10-25,205,2010-10-27,2011-10-25,252,151,1511,20.013245033112582,0.13342163355408387,104.02765808819267,0.034423447415020736
2011-10-26,206,2010-10-28,2011-10-26,252,151,1510,20.0,0.13333333333333333,135.74317826022047,0.04494807227159618
2011-10-27,207,2010-10-29,2011-10-27,252,151,1510,20.0,0.13333333333333333,135.56527306410408,0.04488916326625963
2011-10-28,208,2010-11-01,2011-10-28,252,151,1510,20.0,0.13333333333333333,142.96823528812504,0.04734047526096856
2011-10-31,209,2010-11-02,2011-10-31,252,151,1510,20.0,0.13333333333333333,142.95177046260972,0.047335023331989974
2011-11-01,210,2010-11-03,2011-11-01,252,151,1510,20.0,0.13333333333333333,142.96703171186215,0.047340076725782165
2011-11-02,211,2010-11-04,2011-11-02,252,151,1510,20.0,0.13333333333333333,142.8147095249728,0.04728963891555391
2011-11-03,212,2010-11-05,2011-11-03,252,151,1510,20.0,0.13333333333333333,143.0667871333606,0.04737310832230484
2011-11-04,213,2010-11-08,2011-11-04,252,151,1510,20.0,0.13333333333333333,135.37314395978217,0.04482554435754377
2011-11-07,214,2010-11-09,2011-11-07,252,151,1510,20.0,0.13333333333333333,143.0958970350464,0.04738274736259814
2011-11-08,215,2010-11-10,2011-11-08,252,151,1510,20.0,0.13333333333333333,143.0227294022198,0.0473585196696092
2011-11-09,216,2010-11-11,2011-11-09,252,151,1510,20.0,0.13333333333333333,135.09018215056193,0.0447318483942258
2011-11-10,217,2010-11-12,2011-11-10,252,151,1510,20.0,0.13333333333333333,135.22497095327458,0.044776480448104165
2011-11-11,218,2010-11-15,2011-11-11,252,151,1510,20.0,0.13333333333333333,135.15145534866207,0.04475213753266956
2011-11-14,219,2010-11-16,2011-11-14,252,151,1510,20.0,0.13333333333333333,135.15821482125006,0.04475437576862585
2011-11-15,220,2010-11-17,2011-11-15,252,151,1510,20.0,0.13333333333333333,135.16225619023157,0.044755713970275356
2011-11-16,221,2010-11-18,2011-11-16,252,151,1512,20.026490066225165,0.13350993377483444,104.24954113224993,0.0344740546072255
2011-11-17,222,2010-11-19,2011-11-17,252,151,1510,20.0,0.13333333333333333,135.16897587220012,0.04475793903052984
2011-11-18,223,2010-11-22,2011-11-18,252,151,1510,20.0,0.13333333333333333,135.24139330712978,0.044781918313619135
2011-11-21,224,2010-11-23,2011-11-21,252,151,1510,20.0,0.13333333333333333,135.18154889195216,0.044762102282103367
2011-11-22,225,2010-11-24,2011-11-22,252,151,1510,20.0,0.13333333333333333,135.17867351328695,0.044761150169962564
2011-11-23,226,2010-11-26,2011-11-23,252,151,1510,20.0,0.13333333333333333,135.17892353856303,0.04476123295978908
2011-11-25,227,2010-11-29,2011-11-25,252,151,1510,20.0,0.13333333333333333,135.19188688761454,0.044765525459475014
2011-11-28,228,2010-11-30,2011-11-28,252,151,1510,20.0,0.13333333333333333,135.3225493021024,0.044808791159636555
2011-11-29,229,2010-12-01,2011-11-29,252,151,1510,20.0,0.13333333333333333,135.29003723868652,0.044798025575724015
2011-11-30,230,2010-12-02,2011-11-30,252,151,1510,20.0,0.13333333333333333,134.98884172804776,0.04469829196292972
2011-12-01,231,2010-12-03,2011-12-01,252,151,1510,20.0,0.13333333333333333,135.0224486366691,0.04470942007836726
2011-12-02,232,2010-12-06,2011-12-02,252,151,1510,20.0,0.13333333333333333,134.98518778476088,0.044697082047934066
2011-12-05,233,2010-12-07,2011-12-05,252,151,1510,20.0,0.13333333333333333,134.96286355078485,0.044689689917478424
2011-12-06,234,2010-12-08,2011-12-06,252,151,1510,20.0,0.13333333333333333,134.9806933020513,0.044695593808626255
2011-12-07,235,2010-12-09,2011-12-07,252,151,1510,20.0,0.13333333333333333,135.07839949472978,0.04472794685255953
2011-12-08,236,2010-12-10,2011-12-08,252,151,1510,20.0,0.13333333333333333,134.94300139802337,0.044683113045703104
2011-12-09,237,2010-12-13,2011-12-09,252,151,1510,20.0,0.13333333333333333,134.7806481954984,0.04462935370711867
2011-12-12,238,2010-12-14,2011-12-12,252,151,1510,20.0,0.13333333333333333,599.4903216364676,0.19850672901869787
2011-12-13,239,2010-12-15,2011-12-13,252,151,1510,20.0,0.13333333333333333,134.72537020599378,0.04461104973708403
2011-12-14,240,2010-12-16,2011-12-14,252,151,1510,20.0,0.13333333333333333,134.91619889524745,0.044674238044783925
2011-12-15,241,2010-12-17,2011-12-15,252,151,1511,20.013245033112582,0.13342163355408387,105.28949656140846,0.034840998200333706
2011-12-16,242,2010-12-20,2011-12-16,252,151,1511,20.013245033112582,0.13342163355408387,105.42192223035963,0.03488481873936453
2011-12-19,243,2010-12-21,2011-12-19,252,151,1510,20.0,0.13333333333333333,134.71707706646959,0.0446083036643939
2011-12-20,244,2010-12-22,2011-12-20,252,151,1510,20.0,0.13333333333333333,134.51136825454188,0.04454018816375559
2011-12-21,245,2010-12-23,2011-12-21,252,151,1510,20.0,0.13333333333333333,134.8853433284072,0.04466402096967126
2011-12-22,246,2010-12-27,2011-12-22,252,151,1510,20.0,0.13333333333333333,134.8677899674134,0.044658208598481255
2011-12-23,247,2010-12-28,2011-12-23,252,151,1510,20.0,0.13333333333333333,134.95774348900682,0.044687994532783715
2011-12-27,248,2010-12-29,2011-12-27,252,151,1510,20.0,0.13333333333333333,135.03993579609454,0.044715210528508124
2011-12-28,249,2010-12-30,2011-12-28,252,151,1510,20.0,0.13333333333333333,135.08467798659132,0.04473002582337461
2011-12-29,250,2010-12-31,2011-12-29,252,151,1510,20.0,0.13333333333333333,135.08228660765332,0.04472923397604414
2011-12-30,251,2011-01-03,2011-12-30,252,151,1510,20.0,0.13333333333333333,135.08629560314856,0.04473056145799621
