n_samples,pos_rate,logloss,brier,accuracy,precision,recall,f1,auc,ap,error,fit_status,model_name,label_name,event_type,horizon_days,threshold,vol_top_pct_int,n_train,n_test,y_train_unique,y_test_unique,split_mode,split_cutoff_date,total_pos,train_pos,test_pos,label_readable,model_readable
513,0.074074074074074,0.3986612673886083,0.0971262225608161,0.8752436647173489,0.25,0.3421052631578947,0.2888888888888888,0.6770083102493074,0.1974271988902108,,ok,logit_baseline,y_dd_h5_thr3,dd,5,3.0,,2002,513,"0,1","0,1",event_balanced,2018-12-14,76,38,38,"Drawdown event (drawdown threshold = 3%), prediction horizon = 5 days",Logistic Regression (Baseline features)
513,0.074074074074074,2.424398385956229,0.4570051390290531,0.4853801169590643,0.0043859649122807,0.0263157894736842,0.0075187969924812,0.3033795013850415,0.0513419856149508,,ok,logit_full,y_dd_h5_thr3,dd,5,3.0,,2002,513,"0,1","0,1",event_balanced,2018-12-14,76,38,38,"Drawdown event (drawdown threshold = 3%), prediction horizon = 5 days",Logistic Regression (Baseline + Ricci curvature)
513,0.074074074074074,0.4038864498916824,0.0814692188589865,0.9298245614035088,1.0,0.0526315789473684,0.1,0.4676731301939058,0.1161772527959456,,ok,rf_full,y_dd_h5_thr3,dd,5,3.0,,2002,513,"0,1","0,1",event_balanced,2018-12-14,76,38,38,"Drawdown event (drawdown threshold = 3%), prediction horizon = 5 days",Random Forest (Baseline + Ricci curvature)
562,0.1120996441281138,0.4089733942714231,0.1097359023949705,0.8576512455516014,0.3692307692307692,0.3809523809523809,0.375,0.7655310621242485,0.3562129635173554,,ok,logit_baseline,y_dd_h5_thr5,dd,5,5.0,,1953,562,"0,1","0,1",event_balanced,2018-10-04,126,63,63,"Drawdown event (drawdown threshold = 5%), prediction horizon = 5 days",Logistic Regression (Baseline features)
562,0.1120996441281138,1.6728469978329528,0.1363943756953184,0.8594306049822064,0.1363636363636363,0.0476190476190476,0.0705882352941176,0.2954798485860609,0.0835506185009514,,ok,logit_full,y_dd_h5_thr5,dd,5,5.0,,1953,562,"0,1","0,1",event_balanced,2018-10-04,126,63,63,"Drawdown event (drawdown threshold = 5%), prediction horizon = 5 days",Logistic Regression (Baseline + Ricci curvature)
562,0.1120996441281138,0.3469436805979901,0.0989322854337646,0.8879003558718861,0.0,0.0,0.0,0.5980850590069027,0.1545411892052149,,ok,rf_full,y_dd_h5_thr5,dd,5,5.0,,1953,562,"0,1","0,1",event_balanced,2018-10-04,126,63,63,"Drawdown event (drawdown threshold = 5%), prediction horizon = 5 days",Random Forest (Baseline + Ricci curvature)
733,0.1200545702592087,0.5146239208887288,0.1191718138749835,0.8553888130968622,0.3636363636363636,0.2727272727272727,0.3116883116883117,0.7290873854827344,0.307403856367363,,ok,logit_baseline,y_dd_h5_thr7,dd,5,7.0,,1782,733,"0,1","0,1",event_balanced,2018-01-31,176,88,88,"Drawdown event (drawdown threshold = 7%), prediction horizon = 5 days",Logistic Regression (Baseline features)
733,0.1200545702592087,1.5410778465966306,0.1485794589220355,0.8321964529331515,0.0930232558139534,0.0454545454545454,0.0610687022900763,0.3642882311486962,0.0984450590283359,,ok,logit_full,y_dd_h5_thr7,dd,5,7.0,,1782,733,"0,1","0,1",event_balanced,2018-01-31,176,88,88,"Drawdown event (drawdown threshold = 7%), prediction horizon = 5 days",Logistic Regression (Baseline + Ricci curvature)
733,0.1200545702592087,0.3585031016272565,0.1037869123619984,0.8813096862210096,0.6666666666666666,0.0227272727272727,0.0439560439560439,0.6078047921071177,0.1725917471457161,,ok,rf_full,y_dd_h5_thr7,dd,5,7.0,,1782,733,"0,1","0,1",event_balanced,2018-01-31,176,88,88,"Drawdown event (drawdown threshold = 7%), prediction horizon = 5 days",Random Forest (Baseline + Ricci curvature)
217,0.1751152073732718,1.423467793395416,0.2625235849276799,0.7050691244239631,0.0357142857142857,0.0263157894736842,0.0303030303030303,0.7339017935901205,0.2798629013979035,,ok,logit_baseline,y_dd_h10_thr3,dd,10,3.0,,2293,217,"0,1","0,1",event_balanced,2020-02-12,76,38,38,"Drawdown event (drawdown threshold = 3%), prediction horizon = 10 days",Logistic Regression (Baseline features)
217,0.1751152073732718,2.2533482352337413,0.1393124299350618,0.8571428571428571,1.0,0.1842105263157894,0.3111111111111111,0.9020876212878566,0.751676468555882,,ok,logit_full,y_dd_h10_thr3,dd,10,3.0,,2293,217,"0,1","0,1",event_balanced,2020-02-12,76,38,38,"Drawdown event (drawdown threshold = 3%), prediction horizon = 10 days",Logistic Regression (Baseline + Ricci curvature)
217,0.1751152073732718,0.468623991638928,0.1446149208659222,0.8248847926267281,0.0,0.0,0.0,0.9023816524551602,0.6827672488882064,,ok,rf_full,y_dd_h10_thr3,dd,10,3.0,,2293,217,"0,1","0,1",event_balanced,2020-02-12,76,38,38,"Drawdown event (drawdown threshold = 3%), prediction horizon = 10 days",Random Forest (Baseline + Ricci curvature)
730,0.0863013698630137,0.6388874645215504,0.1237957745548338,0.8561643835616438,0.2083333333333333,0.238095238095238,0.2222222222222222,0.746912258156636,0.1857381058410905,,ok,logit_baseline,y_dd_h10_thr5,dd,10,5.0,,1780,730,"0,1","0,1",event_balanced,2018-01-29,126,63,63,"Drawdown event (drawdown threshold = 5%), prediction horizon = 10 days",Logistic Regression (Baseline features)
730,0.0863013698630137,0.8789332505468703,0.0770518102564165,0.9178082191780822,0.5789473684210527,0.1746031746031746,0.2682926829268293,0.5838509316770186,0.2368793737586249,,ok,logit_full,y_dd_h10_thr5,dd,10,5.0,,1780,730,"0,1","0,1",event_balanced,2018-01-29,126,63,63,"Drawdown event (drawdown threshold = 5%), prediction horizon = 10 days",Logistic Regression (Baseline + Ricci curvature)
730,0.0863013698630137,0.3188843673404752,0.0800906417861961,0.9136986301369864,0.5,0.0476190476190476,0.0869565217391304,0.5133385688108327,0.1362717861018397,,ok,rf_full,y_dd_h10_thr5,dd,10,5.0,,1780,730,"0,1","0,1",event_balanced,2018-01-29,126,63,63,"Drawdown event (drawdown threshold = 5%), prediction horizon = 10 days",Random Forest (Baseline + Ricci curvature)
732,0.1202185792349726,0.5092335171404545,0.1306407256235522,0.8333333333333334,0.3191489361702128,0.3409090909090909,0.3296703296703296,0.6581557029926595,0.3261521542756974,,ok,logit_baseline,y_dd_h10_thr7,dd,10,7.0,,1778,732,"0,1","0,1",event_balanced,2018-01-25,176,88,88,"Drawdown event (drawdown threshold = 7%), prediction horizon = 10 days",Logistic Regression (Baseline features)
732,0.1202185792349726,1.271635422920409,0.1160338766815995,0.8797814207650273,0.5,0.1022727272727272,0.1698113207547169,0.4378176171654432,0.179360573099449,,ok,logit_full,y_dd_h10_thr7,dd,10,7.0,,1778,732,"0,1","0,1",event_balanced,2018-01-25,176,88,88,"Drawdown event (drawdown threshold = 7%), prediction horizon = 10 days",Logistic Regression (Baseline + Ricci curvature)
732,0.1202185792349726,0.3954338059507956,0.1037054964012763,0.8838797814207651,0.7142857142857143,0.0568181818181818,0.1052631578947368,0.5977555053642011,0.242010708092519,,ok,rf_full,y_dd_h10_thr7,dd,10,7.0,,1778,732,"0,1","0,1",event_balanced,2018-01-25,176,88,88,"Drawdown event (drawdown threshold = 7%), prediction horizon = 10 days",Random Forest (Baseline + Ricci curvature)
510,0.0764705882352941,1.057763703047229,0.2398464335847799,0.7,0.0403225806451612,0.1282051282051282,0.0613496932515337,0.4294735696009581,0.0627737679059832,,ok,logit_baseline,y_dd_h20_thr3,dd,20,3.0,,1990,510,"0,1","0,1",event_balanced,2018-11-27,78,39,39,"Drawdown event (drawdown threshold = 3%), prediction horizon = 20 days",Logistic Regression (Baseline features)
510,0.0764705882352941,0.8058011982283498,0.212706897381196,0.7137254901960784,0.0504201680672268,0.1538461538461538,0.0759493670886076,0.5621427404866896,0.0814130254125178,,ok,logit_full,y_dd_h20_thr3,dd,20,3.0,,1990,510,"0,1","0,1",event_balanced,2018-11-27,78,39,39,"Drawdown event (drawdown threshold = 3%), prediction horizon = 20 days",Logistic Regression (Baseline + Ricci curvature)
510,0.0764705882352941,0.8940745218678633,0.0910997040890529,0.9098039215686274,0.3157894736842105,0.1538461538461538,0.2068965517241379,0.3264739506777723,0.2065898741418662,,ok,rf_full,y_dd_h20_thr3,dd,20,3.0,,1990,510,"0,1","0,1",event_balanced,2018-11-27,78,39,39,"Drawdown event (drawdown threshold = 3%), prediction horizon = 20 days",Random Forest (Baseline + Ricci curvature)
512,0.126953125,0.8850384492361306,0.1783793057373356,0.794921875,0.1,0.0769230769230769,0.0869565217391304,0.3921528136293237,0.1057771948346368,,ok,logit_baseline,y_dd_h20_thr5,dd,20,5.0,,1988,512,"0,1","0,1",event_balanced,2018-11-23,130,65,65,"Drawdown event (drawdown threshold = 5%), prediction horizon = 20 days",Logistic Regression (Baseline features)
512,0.126953125,1.942133397312616,0.1648228134896313,0.8203125,0.1538461538461538,0.0923076923076923,0.1153846153846153,0.4408535536052315,0.1290936909557726,,ok,logit_full,y_dd_h20_thr5,dd,20,5.0,,1988,512,"0,1","0,1",event_balanced,2018-11-23,130,65,65,"Drawdown event (drawdown threshold = 5%), prediction horizon = 20 days",Logistic Regression (Baseline + Ricci curvature)
512,0.126953125,0.4676268499458373,0.1184855056671849,0.896484375,1.0,0.1846153846153846,0.3116883116883117,0.4621235587678541,0.2890104383557549,,ok,rf_full,y_dd_h20_thr5,dd,20,5.0,,1988,512,"0,1","0,1",event_balanced,2018-11-23,130,65,65,"Drawdown event (drawdown threshold = 5%), prediction horizon = 20 days",Random Forest (Baseline + Ricci curvature)
724,0.1215469613259668,0.9897853605936155,0.1541761873224003,0.8383977900552486,0.1463414634146341,0.0681818181818181,0.0930232558139534,0.7165523156089194,0.1965595011811778,,ok,logit_baseline,y_dd_h20_thr7,dd,20,7.0,,1776,724,"0,1","0,1",event_balanced,2018-01-23,176,88,88,"Drawdown event (drawdown threshold = 7%), prediction horizon = 20 days",Logistic Regression (Baseline features)
724,0.1215469613259668,2.0435066366514003,0.1232109638632588,0.8756906077348067,0.375,0.034090909090909,0.0625,0.4763614922813036,0.1434518312853649,,ok,logit_full,y_dd_h20_thr7,dd,20,7.0,,1776,724,"0,1","0,1",event_balanced,2018-01-23,176,88,88,"Drawdown event (drawdown threshold = 7%), prediction horizon = 20 days",Logistic Regression (Baseline + Ricci curvature)
724,0.1215469613259668,0.4922339887027493,0.1190405732011911,0.8715469613259669,0.2727272727272727,0.034090909090909,0.0606060606060606,0.472734419668382,0.1432249332244456,,ok,rf_full,y_dd_h20_thr7,dd,20,7.0,,1776,724,"0,1","0,1",event_balanced,2018-01-23,176,88,88,"Drawdown event (drawdown threshold = 7%), prediction horizon = 20 days",Random Forest (Baseline + Ricci curvature)
211,0.1800947867298578,0.3399478212207864,0.104850103456268,0.8672985781990521,0.6,0.7894736842105263,0.6818181818181818,0.9335260115606936,0.7613736383703795,,ok,logit_baseline,y_vol_top3_h5,vol,5,,3.0,2308,211,"0,1","0,1",event_balanced,2020-03-05,76,38,38,"High volatility event (top 3% of rolling volatility), prediction horizon = 5 days",Logistic Regression (Baseline features)
211,0.1800947867298578,0.4387295613824643,0.0793415452583194,0.914691943127962,0.9545454545454546,0.5526315789473685,0.7,0.7911469425007606,0.7274889511524592,,ok,logit_full,y_vol_top3_h5,vol,5,,3.0,2308,211,"0,1","0,1",event_balanced,2020-03-05,76,38,38,"High volatility event (top 3% of rolling volatility), prediction horizon = 5 days",Logistic Regression (Baseline + Ricci curvature)
211,0.1800947867298578,0.4403633524587513,0.1360817515313531,0.8293838862559242,1.0,0.0526315789473684,0.1,0.6125646486157591,0.4972270849920917,,ok,rf_full,y_vol_top3_h5,vol,5,,3.0,2308,211,"0,1","0,1",event_balanced,2020-03-05,76,38,38,"High volatility event (top 3% of rolling volatility), prediction horizon = 5 days",Random Forest (Baseline + Ricci curvature)
210,0.1809523809523809,0.6582952167762373,0.0795026101025804,0.8904761904761904,0.8,0.5263157894736842,0.6349206349206349,0.9335985312117504,0.8154932737771695,,ok,logit_baseline,y_vol_top3_h10,vol,10,,3.0,2309,210,"0,1","0,1",event_balanced,2020-03-06,76,38,38,"High volatility event (top 3% of rolling volatility), prediction horizon = 10 days",Logistic Regression (Baseline features)
210,0.1809523809523809,1.20221648965208,0.1100177303460348,0.8857142857142857,1.0,0.3684210526315789,0.5384615384615384,0.8053855569155446,0.740985649328324,,ok,logit_full,y_vol_top3_h10,vol,10,,3.0,2309,210,"0,1","0,1",event_balanced,2020-03-06,76,38,38,"High volatility event (top 3% of rolling volatility), prediction horizon = 10 days",Logistic Regression (Baseline + Ricci curvature)
210,0.1809523809523809,0.6948525546025938,0.1591145357633364,0.819047619047619,0.0,0.0,0.0,0.8509026927784578,0.8226152340751506,,ok,rf_full,y_vol_top3_h10,vol,10,,3.0,2309,210,"0,1","0,1",event_balanced,2020-03-06,76,38,38,"High volatility event (top 3% of rolling volatility), prediction horizon = 10 days",Random Forest (Baseline + Ricci curvature)
217,0.1751152073732718,0.8139590088584663,0.1272307658920262,0.8571428571428571,1.0,0.1842105263157894,0.3111111111111111,0.9456042340488092,0.7606986087978858,,ok,logit_baseline,y_vol_top3_h20,vol,20,,3.0,2302,217,"0,1","0,1",event_balanced,2020-02-26,76,38,38,"High volatility event (top 3% of rolling volatility), prediction horizon = 20 days",Logistic Regression (Baseline features)
217,0.1751152073732718,1.2428088773334751,0.1110458901631496,0.8894009216589862,1.0,0.3684210526315789,0.5384615384615384,0.966774478094678,0.9112570427038692,,ok,logit_full,y_vol_top3_h20,vol,20,,3.0,2302,217,"0,1","0,1",event_balanced,2020-02-26,76,38,38,"High volatility event (top 3% of rolling volatility), prediction horizon = 20 days",Logistic Regression (Baseline + Ricci curvature)
217,0.1751152073732718,0.5434181073880165,0.1417264158810127,0.8433179723502304,1.0,0.1052631578947368,0.1904761904761904,0.8994413407821229,0.7398903416720625,,ok,rf_full,y_vol_top3_h20,vol,20,,3.0,2302,217,"0,1","0,1",event_balanced,2020-02-26,76,38,38,"High volatility event (top 3% of rolling volatility), prediction horizon = 20 days",Random Forest (Baseline + Ricci curvature)
