label_name,label_readable,model_name,model_readable,probe,probe_readable,corr_probe_vs_p_hat
y_dd_h10_thr3,"Drawdown event (drawdown threshold = 3%), prediction horizon = 10 days",rf_full,Random Forest (Baseline + Ricci curvature),corr_diff_tmix_proxy,Correlation graph: Diff Tmix Proxy,0.7984979174303546
y_dd_h10_thr3,"Drawdown event (drawdown threshold = 3%), prediction horizon = 10 days",rf_full,Random Forest (Baseline + Ricci curvature),corr_mfpt_median,Correlation graph: Mean First Passage Time Median,0.738731085500564
y_dd_h10_thr3,"Drawdown event (drawdown threshold = 3%), prediction horizon = 10 days",rf_full,Random Forest (Baseline + Ricci curvature),corr_mfpt_q90,Correlation graph: Mean First Passage Time Q90,0.515975981313652
y_dd_h10_thr3,"Drawdown event (drawdown threshold = 3%), prediction horizon = 10 days",rf_full,Random Forest (Baseline + Ricci curvature),corr_diff_pi_min,Correlation graph: Diff Pi Min,0.37450883407905283
y_dd_h10_thr3,"Drawdown event (drawdown threshold = 3%), prediction horizon = 10 days",rf_full,Random Forest (Baseline + Ricci curvature),corr_ct_q90,Correlation graph: Ct Q90,0.3556384588675293
y_dd_h10_thr3,"Drawdown event (drawdown threshold = 3%), prediction horizon = 10 days",rf_full,Random Forest (Baseline + Ricci curvature),corr_ct_median,Correlation graph: Ct Median,0.35198365215305333
y_dd_h10_thr3,"Drawdown event (drawdown threshold = 3%), prediction horizon = 10 days",rf_full,Random Forest (Baseline + Ricci curvature),corr_ct_mean,Correlation graph: Ct Mean,0.34794695769654505
y_dd_h10_thr3,"Drawdown event (drawdown threshold = 3%), prediction horizon = 10 days",rf_full,Random Forest (Baseline + Ricci curvature),corr_mfpt_mean,Correlation graph: Mean First Passage Time Mean,0.34794695769654493
y_dd_h10_thr3,"Drawdown event (drawdown threshold = 3%), prediction horizon = 10 days",rf_full,Random Forest (Baseline + Ricci curvature),prec_ct_median,Precision graph: Ct Median,0.31876314765148
y_dd_h10_thr3,"Drawdown event (drawdown threshold = 3%), prediction horizon = 10 days",rf_full,Random Forest (Baseline + Ricci curvature),prec_mfpt_q90,Precision graph: Mean First Passage Time Q90,0.30821450041777304
y_dd_h10_thr3,"Drawdown event (drawdown threshold = 3%), prediction horizon = 10 days",rf_full,Random Forest (Baseline + Ricci curvature),corr_ct_q10,Correlation graph: Ct Q10,0.287466759102214
y_dd_h10_thr3,"Drawdown event (drawdown threshold = 3%), prediction horizon = 10 days",rf_full,Random Forest (Baseline + Ricci curvature),prec_diff_tmix_proxy,Precision graph: Diff Tmix Proxy,0.2489683656615975
y_dd_h10_thr3,"Drawdown event (drawdown threshold = 3%), prediction horizon = 10 days",rf_full,Random Forest (Baseline + Ricci curvature),prec_diff_lambda2,Precision graph: Diff Lambda2,0.20924510513787245
y_dd_h10_thr3,"Drawdown event (drawdown threshold = 3%), prediction horizon = 10 days",rf_full,Random Forest (Baseline + Ricci curvature),prec_ct_q90,Precision graph: Ct Q90,0.18896479217818177
y_dd_h10_thr3,"Drawdown event (drawdown threshold = 3%), prediction horizon = 10 days",rf_full,Random Forest (Baseline + Ricci curvature),corr_diff_lambda2,Correlation graph: Diff Lambda2,0.1507373305602817
y_dd_h10_thr3,"Drawdown event (drawdown threshold = 3%), prediction horizon = 10 days",rf_full,Random Forest (Baseline + Ricci curvature),prec_mfpt_median,Precision graph: Mean First Passage Time Median,0.13269608058982157
y_dd_h10_thr3,"Drawdown event (drawdown threshold = 3%), prediction horizon = 10 days",rf_full,Random Forest (Baseline + Ricci curvature),prec_ct_mean,Precision graph: Ct Mean,0.1185575145509458
y_dd_h10_thr3,"Drawdown event (drawdown threshold = 3%), prediction horizon = 10 days",rf_full,Random Forest (Baseline + Ricci curvature),prec_mfpt_mean,Precision graph: Mean First Passage Time Mean,0.11855751455094579
y_dd_h10_thr3,"Drawdown event (drawdown threshold = 3%), prediction horizon = 10 days",rf_full,Random Forest (Baseline + Ricci curvature),corr_diff_gamma,Correlation graph: Diff Gamma,-0.15073733056028185
y_dd_h10_thr3,"Drawdown event (drawdown threshold = 3%), prediction horizon = 10 days",rf_full,Random Forest (Baseline + Ricci curvature),prec_diff_pi_min,Precision graph: Diff Pi Min,-0.18905717227342062
y_dd_h10_thr3,"Drawdown event (drawdown threshold = 3%), prediction horizon = 10 days",rf_full,Random Forest (Baseline + Ricci curvature),prec_diff_gamma,Precision graph: Diff Gamma,-0.20924510513787223
y_dd_h10_thr3,"Drawdown event (drawdown threshold = 3%), prediction horizon = 10 days",rf_full,Random Forest (Baseline + Ricci curvature),prec_ct_q10,Precision graph: Ct Q10,-0.28533481146008655
y_dd_h10_thr3,"Drawdown event (drawdown threshold = 3%), prediction horizon = 10 days",rf_full,Random Forest (Baseline + Ricci curvature),prec_mfpt_q10,Precision graph: Mean First Passage Time Q10,-0.31364319474557667
y_dd_h10_thr3,"Drawdown event (drawdown threshold = 3%), prediction horizon = 10 days",rf_full,Random Forest (Baseline + Ricci curvature),corr_mfpt_q10,Correlation graph: Mean First Passage Time Q10,-0.33958249262824447
y_dd_h10_thr5,"Drawdown event (drawdown threshold = 5%), prediction horizon = 10 days",logit_baseline,Logistic Regression (Baseline features),corr_diff_gamma,Correlation graph: Diff Gamma,0.5645358842541588
y_dd_h10_thr5,"Drawdown event (drawdown threshold = 5%), prediction horizon = 10 days",logit_baseline,Logistic Regression (Baseline features),corr_ct_q10,Correlation graph: Ct Q10,0.3757494492965539
y_dd_h10_thr5,"Drawdown event (drawdown threshold = 5%), prediction horizon = 10 days",logit_baseline,Logistic Regression (Baseline features),corr_mfpt_q10,Correlation graph: Mean First Passage Time Q10,0.3634211794542994
y_dd_h10_thr5,"Drawdown event (drawdown threshold = 5%), prediction horizon = 10 days",logit_baseline,Logistic Regression (Baseline features),prec_diff_gamma,Precision graph: Diff Gamma,0.18934133980598472
y_dd_h10_thr5,"Drawdown event (drawdown threshold = 5%), prediction horizon = 10 days",logit_baseline,Logistic Regression (Baseline features),prec_mfpt_q10,Precision graph: Mean First Passage Time Q10,0.0021186865074265208
y_dd_h10_thr5,"Drawdown event (drawdown threshold = 5%), prediction horizon = 10 days",logit_baseline,Logistic Regression (Baseline features),prec_ct_q90,Precision graph: Ct Q90,-0.031835083923715805
y_dd_h10_thr5,"Drawdown event (drawdown threshold = 5%), prediction horizon = 10 days",logit_baseline,Logistic Regression (Baseline features),prec_diff_pi_min,Precision graph: Diff Pi Min,-0.0320237636820892
y_dd_h10_thr5,"Drawdown event (drawdown threshold = 5%), prediction horizon = 10 days",logit_baseline,Logistic Regression (Baseline features),prec_ct_mean,Precision graph: Ct Mean,-0.03283637886575709
y_dd_h10_thr5,"Drawdown event (drawdown threshold = 5%), prediction horizon = 10 days",logit_baseline,Logistic Regression (Baseline features),prec_mfpt_mean,Precision graph: Mean First Passage Time Mean,-0.03283637886575709
y_dd_h10_thr5,"Drawdown event (drawdown threshold = 5%), prediction horizon = 10 days",logit_baseline,Logistic Regression (Baseline features),corr_diff_pi_min,Correlation graph: Diff Pi Min,-0.03496237989402451
y_dd_h10_thr5,"Drawdown event (drawdown threshold = 5%), prediction horizon = 10 days",logit_baseline,Logistic Regression (Baseline features),prec_mfpt_q90,Precision graph: Mean First Passage Time Q90,-0.04088057440108197
y_dd_h10_thr5,"Drawdown event (drawdown threshold = 5%), prediction horizon = 10 days",logit_baseline,Logistic Regression (Baseline features),prec_ct_q10,Precision graph: Ct Q10,-0.06962318085313213
y_dd_h10_thr5,"Drawdown event (drawdown threshold = 5%), prediction horizon = 10 days",logit_baseline,Logistic Regression (Baseline features),prec_ct_median,Precision graph: Ct Median,-0.12395830002180022
y_dd_h10_thr5,"Drawdown event (drawdown threshold = 5%), prediction horizon = 10 days",logit_baseline,Logistic Regression (Baseline features),prec_diff_tmix_proxy,Precision graph: Diff Tmix Proxy,-0.18600377983000627
y_dd_h10_thr5,"Drawdown event (drawdown threshold = 5%), prediction horizon = 10 days",logit_baseline,Logistic Regression (Baseline features),prec_diff_lambda2,Precision graph: Diff Lambda2,-0.1893413398059846
y_dd_h10_thr5,"Drawdown event (drawdown threshold = 5%), prediction horizon = 10 days",logit_baseline,Logistic Regression (Baseline features),prec_mfpt_median,Precision graph: Mean First Passage Time Median,-0.20094270370519035
y_dd_h10_thr5,"Drawdown event (drawdown threshold = 5%), prediction horizon = 10 days",logit_baseline,Logistic Regression (Baseline features),corr_mfpt_q90,Correlation graph: Mean First Passage Time Q90,-0.39537094641239084
y_dd_h10_thr5,"Drawdown event (drawdown threshold = 5%), prediction horizon = 10 days",logit_baseline,Logistic Regression (Baseline features),corr_diff_tmix_proxy,Correlation graph: Diff Tmix Proxy,-0.4280319950734502
y_dd_h10_thr5,"Drawdown event (drawdown threshold = 5%), prediction horizon = 10 days",logit_baseline,Logistic Regression (Baseline features),corr_mfpt_median,Correlation graph: Mean First Passage Time Median,-0.43455813407178984
y_dd_h10_thr5,"Drawdown event (drawdown threshold = 5%), prediction horizon = 10 days",logit_baseline,Logistic Regression (Baseline features),corr_ct_q90,Correlation graph: Ct Q90,-0.5464099639981451
y_dd_h10_thr5,"Drawdown event (drawdown threshold = 5%), prediction horizon = 10 days",logit_baseline,Logistic Regression (Baseline features),corr_diff_lambda2,Correlation graph: Diff Lambda2,-0.5645358842541587
y_dd_h10_thr5,"Drawdown event (drawdown threshold = 5%), prediction horizon = 10 days",logit_baseline,Logistic Regression (Baseline features),corr_ct_median,Correlation graph: Ct Median,-0.5866668185771078
y_dd_h10_thr5,"Drawdown event (drawdown threshold = 5%), prediction horizon = 10 days",logit_baseline,Logistic Regression (Baseline features),corr_mfpt_mean,Correlation graph: Mean First Passage Time Mean,-0.5963426205856786
y_dd_h10_thr5,"Drawdown event (drawdown threshold = 5%), prediction horizon = 10 days",logit_baseline,Logistic Regression (Baseline features),corr_ct_mean,Correlation graph: Ct Mean,-0.5963426205856787
y_dd_h10_thr7,"Drawdown event (drawdown threshold = 7%), prediction horizon = 10 days",logit_baseline,Logistic Regression (Baseline features),corr_diff_gamma,Correlation graph: Diff Gamma,0.45897171553546634
y_dd_h10_thr7,"Drawdown event (drawdown threshold = 7%), prediction horizon = 10 days",logit_baseline,Logistic Regression (Baseline features),corr_ct_q10,Correlation graph: Ct Q10,0.30006972837480483
y_dd_h10_thr7,"Drawdown event (drawdown threshold = 7%), prediction horizon = 10 days",logit_baseline,Logistic Regression (Baseline features),corr_mfpt_q10,Correlation graph: Mean First Passage Time Q10,0.28649344953271183
y_dd_h10_thr7,"Drawdown event (drawdown threshold = 7%), prediction horizon = 10 days",logit_baseline,Logistic Regression (Baseline features),prec_diff_gamma,Precision graph: Diff Gamma,0.08831428127966956
y_dd_h10_thr7,"Drawdown event (drawdown threshold = 7%), prediction horizon = 10 days",logit_baseline,Logistic Regression (Baseline features),corr_diff_pi_min,Correlation graph: Diff Pi Min,0.04600890355309868
y_dd_h10_thr7,"Drawdown event (drawdown threshold = 7%), prediction horizon = 10 days",logit_baseline,Logistic Regression (Baseline features),prec_ct_q90,Precision graph: Ct Q90,0.014498847445835324
y_dd_h10_thr7,"Drawdown event (drawdown threshold = 7%), prediction horizon = 10 days",logit_baseline,Logistic Regression (Baseline features),prec_mfpt_mean,Precision graph: Mean First Passage Time Mean,0.0005548004842399229
y_dd_h10_thr7,"Drawdown event (drawdown threshold = 7%), prediction horizon = 10 days",logit_baseline,Logistic Regression (Baseline features),prec_ct_mean,Precision graph: Ct Mean,0.0005548004842399212
y_dd_h10_thr7,"Drawdown event (drawdown threshold = 7%), prediction horizon = 10 days",logit_baseline,Logistic Regression (Baseline features),prec_mfpt_q90,Precision graph: Mean First Passage Time Q90,-0.008630160713044873
y_dd_h10_thr7,"Drawdown event (drawdown threshold = 7%), prediction horizon = 10 days",logit_baseline,Logistic Regression (Baseline features),prec_ct_median,Precision graph: Ct Median,-0.06007883790885007
y_dd_h10_thr7,"Drawdown event (drawdown threshold = 7%), prediction horizon = 10 days",logit_baseline,Logistic Regression (Baseline features),prec_mfpt_q10,Precision graph: Mean First Passage Time Q10,-0.06740257077705851
y_dd_h10_thr7,"Drawdown event (drawdown threshold = 7%), prediction horizon = 10 days",logit_baseline,Logistic Regression (Baseline features),prec_diff_pi_min,Precision graph: Diff Pi Min,-0.07978148359299055
y_dd_h10_thr7,"Drawdown event (drawdown threshold = 7%), prediction horizon = 10 days",logit_baseline,Logistic Regression (Baseline features),prec_diff_lambda2,Precision graph: Diff Lambda2,-0.08831428127966956
y_dd_h10_thr7,"Drawdown event (drawdown threshold = 7%), prediction horizon = 10 days",logit_baseline,Logistic Regression (Baseline features),prec_diff_tmix_proxy,Precision graph: Diff Tmix Proxy,-0.1281994325405622
y_dd_h10_thr7,"Drawdown event (drawdown threshold = 7%), prediction horizon = 10 days",logit_baseline,Logistic Regression (Baseline features),prec_ct_q10,Precision graph: Ct Q10,-0.1374170953557382
y_dd_h10_thr7,"Drawdown event (drawdown threshold = 7%), prediction horizon = 10 days",logit_baseline,Logistic Regression (Baseline features),prec_mfpt_median,Precision graph: Mean First Passage Time Median,-0.1845091047834088
y_dd_h10_thr7,"Drawdown event (drawdown threshold = 7%), prediction horizon = 10 days",logit_baseline,Logistic Regression (Baseline features),corr_mfpt_median,Correlation graph: Mean First Passage Time Median,-0.27329444349239834
y_dd_h10_thr7,"Drawdown event (drawdown threshold = 7%), prediction horizon = 10 days",logit_baseline,Logistic Regression (Baseline features),corr_diff_tmix_proxy,Correlation graph: Diff Tmix Proxy,-0.3233126851592852
y_dd_h10_thr7,"Drawdown event (drawdown threshold = 7%), prediction horizon = 10 days",logit_baseline,Logistic Regression (Baseline features),corr_mfpt_q90,Correlation graph: Mean First Passage Time Q90,-0.3336709509711599
y_dd_h10_thr7,"Drawdown event (drawdown threshold = 7%), prediction horizon = 10 days",logit_baseline,Logistic Regression (Baseline features),corr_ct_q90,Correlation graph: Ct Q90,-0.42017508059788505
y_dd_h10_thr7,"Drawdown event (drawdown threshold = 7%), prediction horizon = 10 days",logit_baseline,Logistic Regression (Baseline features),corr_diff_lambda2,Correlation graph: Diff Lambda2,-0.4589717155354664
y_dd_h10_thr7,"Drawdown event (drawdown threshold = 7%), prediction horizon = 10 days",logit_baseline,Logistic Regression (Baseline features),corr_ct_mean,Correlation graph: Ct Mean,-0.4855739232421577
y_dd_h10_thr7,"Drawdown event (drawdown threshold = 7%), prediction horizon = 10 days",logit_baseline,Logistic Regression (Baseline features),corr_mfpt_mean,Correlation graph: Mean First Passage Time Mean,-0.4855739232421577
y_dd_h10_thr7,"Drawdown event (drawdown threshold = 7%), prediction horizon = 10 days",logit_baseline,Logistic Regression (Baseline features),corr_ct_median,Correlation graph: Ct Median,-0.5039468996911511
y_dd_h20_thr3,"Drawdown event (drawdown threshold = 3%), prediction horizon = 20 days",logit_full,Logistic Regression (Baseline + Ricci curvature),corr_ct_median,Correlation graph: Ct Median,0.5717430840472899
y_dd_h20_thr3,"Drawdown event (drawdown threshold = 3%), prediction horizon = 20 days",logit_full,Logistic Regression (Baseline + Ricci curvature),corr_diff_tmix_proxy,Correlation graph: Diff Tmix Proxy,0.5235508037148897
y_dd_h20_thr3,"Drawdown event (drawdown threshold = 3%), prediction horizon = 20 days",logit_full,Logistic Regression (Baseline + Ricci curvature),corr_mfpt_median,Correlation graph: Mean First Passage Time Median,0.5122799181666655
y_dd_h20_thr3,"Drawdown event (drawdown threshold = 3%), prediction horizon = 20 days",logit_full,Logistic Regression (Baseline + Ricci curvature),corr_diff_lambda2,Correlation graph: Diff Lambda2,0.5064765001203123
y_dd_h20_thr3,"Drawdown event (drawdown threshold = 3%), prediction horizon = 20 days",logit_full,Logistic Regression (Baseline + Ricci curvature),corr_ct_mean,Correlation graph: Ct Mean,0.4851442814536556
y_dd_h20_thr3,"Drawdown event (drawdown threshold = 3%), prediction horizon = 20 days",logit_full,Logistic Regression (Baseline + Ricci curvature),corr_mfpt_mean,Correlation graph: Mean First Passage Time Mean,0.4851442814536555
y_dd_h20_thr3,"Drawdown event (drawdown threshold = 3%), prediction horizon = 20 days",logit_full,Logistic Regression (Baseline + Ricci curvature),corr_mfpt_q90,Correlation graph: Mean First Passage Time Q90,0.4397619020517633
y_dd_h20_thr3,"Drawdown event (drawdown threshold = 3%), prediction horizon = 20 days",logit_full,Logistic Regression (Baseline + Ricci curvature),corr_ct_q90,Correlation graph: Ct Q90,0.42283708020823707
y_dd_h20_thr3,"Drawdown event (drawdown threshold = 3%), prediction horizon = 20 days",logit_full,Logistic Regression (Baseline + Ricci curvature),corr_diff_pi_min,Correlation graph: Diff Pi Min,0.33497839520934725
y_dd_h20_thr3,"Drawdown event (drawdown threshold = 3%), prediction horizon = 20 days",logit_full,Logistic Regression (Baseline + Ricci curvature),prec_diff_lambda2,Precision graph: Diff Lambda2,0.2806256731018317
y_dd_h20_thr3,"Drawdown event (drawdown threshold = 3%), prediction horizon = 20 days",logit_full,Logistic Regression (Baseline + Ricci curvature),prec_diff_tmix_proxy,Precision graph: Diff Tmix Proxy,0.25439948833347303
y_dd_h20_thr3,"Drawdown event (drawdown threshold = 3%), prediction horizon = 20 days",logit_full,Logistic Regression (Baseline + Ricci curvature),prec_mfpt_median,Precision graph: Mean First Passage Time Median,0.2153487923659853
y_dd_h20_thr3,"Drawdown event (drawdown threshold = 3%), prediction horizon = 20 days",logit_full,Logistic Regression (Baseline + Ricci curvature),prec_ct_median,Precision graph: Ct Median,0.1709328779861359
y_dd_h20_thr3,"Drawdown event (drawdown threshold = 3%), prediction horizon = 20 days",logit_full,Logistic Regression (Baseline + Ricci curvature),prec_mfpt_q90,Precision graph: Mean First Passage Time Q90,0.12172787454172501
y_dd_h20_thr3,"Drawdown event (drawdown threshold = 3%), prediction horizon = 20 days",logit_full,Logistic Regression (Baseline + Ricci curvature),prec_ct_q90,Precision graph: Ct Q90,0.11947430550542185
y_dd_h20_thr3,"Drawdown event (drawdown threshold = 3%), prediction horizon = 20 days",logit_full,Logistic Regression (Baseline + Ricci curvature),prec_ct_mean,Precision graph: Ct Mean,0.0596185398169671
y_dd_h20_thr3,"Drawdown event (drawdown threshold = 3%), prediction horizon = 20 days",logit_full,Logistic Regression (Baseline + Ricci curvature),prec_mfpt_mean,Precision graph: Mean First Passage Time Mean,0.0596185398169671
y_dd_h20_thr3,"Drawdown event (drawdown threshold = 3%), prediction horizon = 20 days",logit_full,Logistic Regression (Baseline + Ricci curvature),prec_ct_q10,Precision graph: Ct Q10,-0.021187574806942756
y_dd_h20_thr3,"Drawdown event (drawdown threshold = 3%), prediction horizon = 20 days",logit_full,Logistic Regression (Baseline + Ricci curvature),prec_diff_pi_min,Precision graph: Diff Pi Min,-0.05713931609225741
y_dd_h20_thr3,"Drawdown event (drawdown threshold = 3%), prediction horizon = 20 days",logit_full,Logistic Regression (Baseline + Ricci curvature),prec_mfpt_q10,Precision graph: Mean First Passage Time Q10,-0.06572250789388134
y_dd_h20_thr3,"Drawdown event (drawdown threshold = 3%), prediction horizon = 20 days",logit_full,Logistic Regression (Baseline + Ricci curvature),prec_diff_gamma,Precision graph: Diff Gamma,-0.2806256731018315
y_dd_h20_thr3,"Drawdown event (drawdown threshold = 3%), prediction horizon = 20 days",logit_full,Logistic Regression (Baseline + Ricci curvature),corr_mfpt_q10,Correlation graph: Mean First Passage Time Q10,-0.4734931285987978
y_dd_h20_thr3,"Drawdown event (drawdown threshold = 3%), prediction horizon = 20 days",logit_full,Logistic Regression (Baseline + Ricci curvature),corr_diff_gamma,Correlation graph: Diff Gamma,-0.5064765001203123
y_dd_h20_thr3,"Drawdown event (drawdown threshold = 3%), prediction horizon = 20 days",logit_full,Logistic Regression (Baseline + Ricci curvature),corr_ct_q10,Correlation graph: Ct Q10,-0.588192203300736
y_dd_h20_thr5,"Drawdown event (drawdown threshold = 5%), prediction horizon = 20 days",rf_full,Random Forest (Baseline + Ricci curvature),corr_mfpt_median,Correlation graph: Mean First Passage Time Median,0.7739024436326724
y_dd_h20_thr5,"Drawdown event (drawdown threshold = 5%), prediction horizon = 20 days",rf_full,Random Forest (Baseline + Ricci curvature),corr_diff_tmix_proxy,Correlation graph: Diff Tmix Proxy,0.6709798963245203
y_dd_h20_thr5,"Drawdown event (drawdown threshold = 5%), prediction horizon = 20 days",rf_full,Random Forest (Baseline + Ricci curvature),corr_ct_mean,Correlation graph: Ct Mean,0.6617417282785135
y_dd_h20_thr5,"Drawdown event (drawdown threshold = 5%), prediction horizon = 20 days",rf_full,Random Forest (Baseline + Ricci curvature),corr_mfpt_mean,Correlation graph: Mean First Passage Time Mean,0.6617417282785135
y_dd_h20_thr5,"Drawdown event (drawdown threshold = 5%), prediction horizon = 20 days",rf_full,Random Forest (Baseline + Ricci curvature),corr_ct_q90,Correlation graph: Ct Q90,0.6441949892182378
y_dd_h20_thr5,"Drawdown event (drawdown threshold = 5%), prediction horizon = 20 days",rf_full,Random Forest (Baseline + Ricci curvature),corr_diff_pi_min,Correlation graph: Diff Pi Min,0.5862178252262857
y_dd_h20_thr5,"Drawdown event (drawdown threshold = 5%), prediction horizon = 20 days",rf_full,Random Forest (Baseline + Ricci curvature),corr_mfpt_q90,Correlation graph: Mean First Passage Time Q90,0.5808377801354249
y_dd_h20_thr5,"Drawdown event (drawdown threshold = 5%), prediction horizon = 20 days",rf_full,Random Forest (Baseline + Ricci curvature),corr_ct_median,Correlation graph: Ct Median,0.47869135375730726
y_dd_h20_thr5,"Drawdown event (drawdown threshold = 5%), prediction horizon = 20 days",rf_full,Random Forest (Baseline + Ricci curvature),corr_diff_lambda2,Correlation graph: Diff Lambda2,0.46461774177025295
y_dd_h20_thr5,"Drawdown event (drawdown threshold = 5%), prediction horizon = 20 days",rf_full,Random Forest (Baseline + Ricci curvature),prec_diff_lambda2,Precision graph: Diff Lambda2,0.38291115601720094
y_dd_h20_thr5,"Drawdown event (drawdown threshold = 5%), prediction horizon = 20 days",rf_full,Random Forest (Baseline + Ricci curvature),prec_diff_tmix_proxy,Precision graph: Diff Tmix Proxy,0.35787479613392176
y_dd_h20_thr5,"Drawdown event (drawdown threshold = 5%), prediction horizon = 20 days",rf_full,Random Forest (Baseline + Ricci curvature),prec_ct_median,Precision graph: Ct Median,0.2165743526376351
y_dd_h20_thr5,"Drawdown event (drawdown threshold = 5%), prediction horizon = 20 days",rf_full,Random Forest (Baseline + Ricci curvature),prec_mfpt_median,Precision graph: Mean First Passage Time Median,0.16537354395619275
y_dd_h20_thr5,"Drawdown event (drawdown threshold = 5%), prediction horizon = 20 days",rf_full,Random Forest (Baseline + Ricci curvature),prec_ct_q90,Precision graph: Ct Q90,0.0993322517524693
y_dd_h20_thr5,"Drawdown event (drawdown threshold = 5%), prediction horizon = 20 days",rf_full,Random Forest (Baseline + Ricci curvature),prec_mfpt_q90,Precision graph: Mean First Passage Time Q90,0.06941423976297138
y_dd_h20_thr5,"Drawdown event (drawdown threshold = 5%), prediction horizon = 20 days",rf_full,Random Forest (Baseline + Ricci curvature),prec_mfpt_mean,Precision graph: Mean First Passage Time Mean,0.014194298543162742
y_dd_h20_thr5,"Drawdown event (drawdown threshold = 5%), prediction horizon = 20 days",rf_full,Random Forest (Baseline + Ricci curvature),prec_ct_mean,Precision graph: Ct Mean,0.014194298543162738
y_dd_h20_thr5,"Drawdown event (drawdown threshold = 5%), prediction horizon = 20 days",rf_full,Random Forest (Baseline + Ricci curvature),prec_diff_pi_min,Precision graph: Diff Pi Min,-0.05336639845573251
y_dd_h20_thr5,"Drawdown event (drawdown threshold = 5%), prediction horizon = 20 days",rf_full,Random Forest (Baseline + Ricci curvature),prec_ct_q10,Precision graph: Ct Q10,-0.10650474543625361
y_dd_h20_thr5,"Drawdown event (drawdown threshold = 5%), prediction horizon = 20 days",rf_full,Random Forest (Baseline + Ricci curvature),prec_mfpt_q10,Precision graph: Mean First Passage Time Q10,-0.1307313222063015
y_dd_h20_thr5,"Drawdown event (drawdown threshold = 5%), prediction horizon = 20 days",rf_full,Random Forest (Baseline + Ricci curvature),corr_mfpt_q10,Correlation graph: Mean First Passage Time Q10,-0.36710314002600947
y_dd_h20_thr5,"Drawdown event (drawdown threshold = 5%), prediction horizon = 20 days",rf_full,Random Forest (Baseline + Ricci curvature),prec_diff_gamma,Precision graph: Diff Gamma,-0.38291115601720116
y_dd_h20_thr5,"Drawdown event (drawdown threshold = 5%), prediction horizon = 20 days",rf_full,Random Forest (Baseline + Ricci curvature),corr_diff_gamma,Correlation graph: Diff Gamma,-0.4646177417702531
y_dd_h20_thr5,"Drawdown event (drawdown threshold = 5%), prediction horizon = 20 days",rf_full,Random Forest (Baseline + Ricci curvature),corr_ct_q10,Correlation graph: Ct Q10,-0.5578652703963466
y_dd_h20_thr7,"Drawdown event (drawdown threshold = 7%), prediction horizon = 20 days",logit_baseline,Logistic Regression (Baseline features),corr_diff_gamma,Correlation graph: Diff Gamma,0.4850855529678403
y_dd_h20_thr7,"Drawdown event (drawdown threshold = 7%), prediction horizon = 20 days",logit_baseline,Logistic Regression (Baseline features),corr_mfpt_q10,Correlation graph: Mean First Passage Time Q10,0.3790787187003481
y_dd_h20_thr7,"Drawdown event (drawdown threshold = 7%), prediction horizon = 20 days",logit_baseline,Logistic Regression (Baseline features),corr_ct_q10,Correlation graph: Ct Q10,0.34343388256341856
y_dd_h20_thr7,"Drawdown event (drawdown threshold = 7%), prediction horizon = 20 days",logit_baseline,Logistic Regression (Baseline features),prec_diff_gamma,Precision graph: Diff Gamma,0.15399906656557039
y_dd_h20_thr7,"Drawdown event (drawdown threshold = 7%), prediction horizon = 20 days",logit_baseline,Logistic Regression (Baseline features),corr_diff_pi_min,Correlation graph: Diff Pi Min,0.016827366564312687
y_dd_h20_thr7,"Drawdown event (drawdown threshold = 7%), prediction horizon = 20 days",logit_baseline,Logistic Regression (Baseline features),prec_mfpt_q10,Precision graph: Mean First Passage Time Q10,0.004572071692971928
y_dd_h20_thr7,"Drawdown event (drawdown threshold = 7%), prediction horizon = 20 days",logit_baseline,Logistic Regression (Baseline features),prec_ct_q90,Precision graph: Ct Q90,-0.02957662829634295
y_dd_h20_thr7,"Drawdown event (drawdown threshold = 7%), prediction horizon = 20 days",logit_baseline,Logistic Regression (Baseline features),prec_mfpt_mean,Precision graph: Mean First Passage Time Mean,-0.030745878278324642
y_dd_h20_thr7,"Drawdown event (drawdown threshold = 7%), prediction horizon = 20 days",logit_baseline,Logistic Regression (Baseline features),prec_ct_mean,Precision graph: Ct Mean,-0.03074587827832465
y_dd_h20_thr7,"Drawdown event (drawdown threshold = 7%), prediction horizon = 20 days",logit_baseline,Logistic Regression (Baseline features),prec_mfpt_q90,Precision graph: Mean First Passage Time Q90,-0.036056476885915185
y_dd_h20_thr7,"Drawdown event (drawdown threshold = 7%), prediction horizon = 20 days",logit_baseline,Logistic Regression (Baseline features),prec_ct_q10,Precision graph: Ct Q10,-0.05082003481756742
y_dd_h20_thr7,"Drawdown event (drawdown threshold = 7%), prediction horizon = 20 days",logit_baseline,Logistic Regression (Baseline features),prec_diff_pi_min,Precision graph: Diff Pi Min,-0.0672981077192557
y_dd_h20_thr7,"Drawdown event (drawdown threshold = 7%), prediction horizon = 20 days",logit_baseline,Logistic Regression (Baseline features),prec_ct_median,Precision graph: Ct Median,-0.09513886343142923
y_dd_h20_thr7,"Drawdown event (drawdown threshold = 7%), prediction horizon = 20 days",logit_baseline,Logistic Regression (Baseline features),prec_diff_tmix_proxy,Precision graph: Diff Tmix Proxy,-0.11207756306836858
y_dd_h20_thr7,"Drawdown event (drawdown threshold = 7%), prediction horizon = 20 days",logit_baseline,Logistic Regression (Baseline features),prec_mfpt_median,Precision graph: Mean First Passage Time Median,-0.1453633931655802
y_dd_h20_thr7,"Drawdown event (drawdown threshold = 7%), prediction horizon = 20 days",logit_baseline,Logistic Regression (Baseline features),prec_diff_lambda2,Precision graph: Diff Lambda2,-0.15399906656557028
y_dd_h20_thr7,"Drawdown event (drawdown threshold = 7%), prediction horizon = 20 days",logit_baseline,Logistic Regression (Baseline features),corr_diff_tmix_proxy,Correlation graph: Diff Tmix Proxy,-0.37035504186498214
y_dd_h20_thr7,"Drawdown event (drawdown threshold = 7%), prediction horizon = 20 days",logit_baseline,Logistic Regression (Baseline features),corr_mfpt_q90,Correlation graph: Mean First Passage Time Q90,-0.37384412313032783
y_dd_h20_thr7,"Drawdown event (drawdown threshold = 7%), prediction horizon = 20 days",logit_baseline,Logistic Regression (Baseline features),corr_mfpt_median,Correlation graph: Mean First Passage Time Median,-0.3784181006331577
y_dd_h20_thr7,"Drawdown event (drawdown threshold = 7%), prediction horizon = 20 days",logit_baseline,Logistic Regression (Baseline features),corr_diff_lambda2,Correlation graph: Diff Lambda2,-0.4850855529678401
y_dd_h20_thr7,"Drawdown event (drawdown threshold = 7%), prediction horizon = 20 days",logit_baseline,Logistic Regression (Baseline features),corr_ct_q90,Correlation graph: Ct Q90,-0.5228508195416391
y_dd_h20_thr7,"Drawdown event (drawdown threshold = 7%), prediction horizon = 20 days",logit_baseline,Logistic Regression (Baseline features),corr_ct_median,Correlation graph: Ct Median,-0.5385351592006516
y_dd_h20_thr7,"Drawdown event (drawdown threshold = 7%), prediction horizon = 20 days",logit_baseline,Logistic Regression (Baseline features),corr_ct_mean,Correlation graph: Ct Mean,-0.5540039237425158
y_dd_h20_thr7,"Drawdown event (drawdown threshold = 7%), prediction horizon = 20 days",logit_baseline,Logistic Regression (Baseline features),corr_mfpt_mean,Correlation graph: Mean First Passage Time Mean,-0.5540039237425158
y_dd_h5_thr3,"Drawdown event (drawdown threshold = 3%), prediction horizon = 5 days",logit_baseline,Logistic Regression (Baseline features),corr_diff_gamma,Correlation graph: Diff Gamma,0.47210607596551707
y_dd_h5_thr3,"Drawdown event (drawdown threshold = 3%), prediction horizon = 5 days",logit_baseline,Logistic Regression (Baseline features),corr_mfpt_q10,Correlation graph: Mean First Passage Time Q10,0.24630593872685438
y_dd_h5_thr3,"Drawdown event (drawdown threshold = 3%), prediction horizon = 5 days",logit_baseline,Logistic Regression (Baseline features),prec_diff_gamma,Precision graph: Diff Gamma,0.10663891345962333
y_dd_h5_thr3,"Drawdown event (drawdown threshold = 3%), prediction horizon = 5 days",logit_baseline,Logistic Regression (Baseline features),corr_ct_q10,Correlation graph: Ct Q10,0.047472951988069785
y_dd_h5_thr3,"Drawdown event (drawdown threshold = 3%), prediction horizon = 5 days",logit_baseline,Logistic Regression (Baseline features),prec_mfpt_q10,Precision graph: Mean First Passage Time Q10,0.011676092656278485
y_dd_h5_thr3,"Drawdown event (drawdown threshold = 3%), prediction horizon = 5 days",logit_baseline,Logistic Regression (Baseline features),prec_mfpt_mean,Precision graph: Mean First Passage Time Mean,0.0005146022441089618
y_dd_h5_thr3,"Drawdown event (drawdown threshold = 3%), prediction horizon = 5 days",logit_baseline,Logistic Regression (Baseline features),prec_ct_mean,Precision graph: Ct Mean,0.0005146022441089561
y_dd_h5_thr3,"Drawdown event (drawdown threshold = 3%), prediction horizon = 5 days",logit_baseline,Logistic Regression (Baseline features),prec_ct_q90,Precision graph: Ct Q90,-0.03187500890376877
y_dd_h5_thr3,"Drawdown event (drawdown threshold = 3%), prediction horizon = 5 days",logit_baseline,Logistic Regression (Baseline features),prec_mfpt_q90,Precision graph: Mean First Passage Time Q90,-0.032244136994103
y_dd_h5_thr3,"Drawdown event (drawdown threshold = 3%), prediction horizon = 5 days",logit_baseline,Logistic Regression (Baseline features),prec_ct_q10,Precision graph: Ct Q10,-0.03785254294641939
y_dd_h5_thr3,"Drawdown event (drawdown threshold = 3%), prediction horizon = 5 days",logit_baseline,Logistic Regression (Baseline features),prec_diff_pi_min,Precision graph: Diff Pi Min,-0.038403768512695856
y_dd_h5_thr3,"Drawdown event (drawdown threshold = 3%), prediction horizon = 5 days",logit_baseline,Logistic Regression (Baseline features),corr_diff_pi_min,Correlation graph: Diff Pi Min,-0.03979827957105825
y_dd_h5_thr3,"Drawdown event (drawdown threshold = 3%), prediction horizon = 5 days",logit_baseline,Logistic Regression (Baseline features),prec_ct_median,Precision graph: Ct Median,-0.09238829260318088
y_dd_h5_thr3,"Drawdown event (drawdown threshold = 3%), prediction horizon = 5 days",logit_baseline,Logistic Regression (Baseline features),corr_mfpt_median,Correlation graph: Mean First Passage Time Median,-0.1022711147062458
y_dd_h5_thr3,"Drawdown event (drawdown threshold = 3%), prediction horizon = 5 days",logit_baseline,Logistic Regression (Baseline features),prec_diff_lambda2,Precision graph: Diff Lambda2,-0.10663891345962324
y_dd_h5_thr3,"Drawdown event (drawdown threshold = 3%), prediction horizon = 5 days",logit_baseline,Logistic Regression (Baseline features),prec_diff_tmix_proxy,Precision graph: Diff Tmix Proxy,-0.10872106848256352
y_dd_h5_thr3,"Drawdown event (drawdown threshold = 3%), prediction horizon = 5 days",logit_baseline,Logistic Regression (Baseline features),prec_mfpt_median,Precision graph: Mean First Passage Time Median,-0.12271856273170094
y_dd_h5_thr3,"Drawdown event (drawdown threshold = 3%), prediction horizon = 5 days",logit_baseline,Logistic Regression (Baseline features),corr_diff_tmix_proxy,Correlation graph: Diff Tmix Proxy,-0.16189110749071428
y_dd_h5_thr3,"Drawdown event (drawdown threshold = 3%), prediction horizon = 5 days",logit_baseline,Logistic Regression (Baseline features),corr_mfpt_q90,Correlation graph: Mean First Passage Time Q90,-0.2015044175976008
y_dd_h5_thr3,"Drawdown event (drawdown threshold = 3%), prediction horizon = 5 days",logit_baseline,Logistic Regression (Baseline features),corr_ct_q90,Correlation graph: Ct Q90,-0.23204897036006888
y_dd_h5_thr3,"Drawdown event (drawdown threshold = 3%), prediction horizon = 5 days",logit_baseline,Logistic Regression (Baseline features),corr_mfpt_mean,Correlation graph: Mean First Passage Time Mean,-0.28510613710128296
y_dd_h5_thr3,"Drawdown event (drawdown threshold = 3%), prediction horizon = 5 days",logit_baseline,Logistic Regression (Baseline features),corr_ct_mean,Correlation graph: Ct Mean,-0.285106137101283
y_dd_h5_thr3,"Drawdown event (drawdown threshold = 3%), prediction horizon = 5 days",logit_baseline,Logistic Regression (Baseline features),corr_ct_median,Correlation graph: Ct Median,-0.30711437195467883
y_dd_h5_thr3,"Drawdown event (drawdown threshold = 3%), prediction horizon = 5 days",logit_baseline,Logistic Regression (Baseline features),corr_diff_lambda2,Correlation graph: Diff Lambda2,-0.4721060759655168
y_dd_h5_thr5,"Drawdown event (drawdown threshold = 5%), prediction horizon = 5 days",logit_baseline,Logistic Regression (Baseline features),corr_diff_gamma,Correlation graph: Diff Gamma,0.7331219771170929
y_dd_h5_thr5,"Drawdown event (drawdown threshold = 5%), prediction horizon = 5 days",logit_baseline,Logistic Regression (Baseline features),corr_mfpt_q10,Correlation graph: Mean First Passage Time Q10,0.458779683401186
y_dd_h5_thr5,"Drawdown event (drawdown threshold = 5%), prediction horizon = 5 days",logit_baseline,Logistic Regression (Baseline features),prec_diff_gamma,Precision graph: Diff Gamma,0.21863242218913329
y_dd_h5_thr5,"Drawdown event (drawdown threshold = 5%), prediction horizon = 5 days",logit_baseline,Logistic Regression (Baseline features),corr_ct_q10,Correlation graph: Ct Q10,0.18740229345737233
y_dd_h5_thr5,"Drawdown event (drawdown threshold = 5%), prediction horizon = 5 days",logit_baseline,Logistic Regression (Baseline features),prec_mfpt_q10,Precision graph: Mean First Passage Time Q10,0.024734732544446657
y_dd_h5_thr5,"Drawdown event (drawdown threshold = 5%), prediction horizon = 5 days",logit_baseline,Logistic Regression (Baseline features),prec_diff_pi_min,Precision graph: Diff Pi Min,-0.008318378857328525
y_dd_h5_thr5,"Drawdown event (drawdown threshold = 5%), prediction horizon = 5 days",logit_baseline,Logistic Regression (Baseline features),prec_mfpt_mean,Precision graph: Mean First Passage Time Mean,-0.017954749709687405
y_dd_h5_thr5,"Drawdown event (drawdown threshold = 5%), prediction horizon = 5 days",logit_baseline,Logistic Regression (Baseline features),prec_ct_mean,Precision graph: Ct Mean,-0.01795474970968741
y_dd_h5_thr5,"Drawdown event (drawdown threshold = 5%), prediction horizon = 5 days",logit_baseline,Logistic Regression (Baseline features),prec_ct_q10,Precision graph: Ct Q10,-0.03296450884284398
y_dd_h5_thr5,"Drawdown event (drawdown threshold = 5%), prediction horizon = 5 days",logit_baseline,Logistic Regression (Baseline features),prec_ct_q90,Precision graph: Ct Q90,-0.03563822428601092
y_dd_h5_thr5,"Drawdown event (drawdown threshold = 5%), prediction horizon = 5 days",logit_baseline,Logistic Regression (Baseline features),prec_mfpt_q90,Precision graph: Mean First Passage Time Q90,-0.04368986425646503
y_dd_h5_thr5,"Drawdown event (drawdown threshold = 5%), prediction horizon = 5 days",logit_baseline,Logistic Regression (Baseline features),prec_ct_median,Precision graph: Ct Median,-0.13244382621004944
y_dd_h5_thr5,"Drawdown event (drawdown threshold = 5%), prediction horizon = 5 days",logit_baseline,Logistic Regression (Baseline features),prec_diff_tmix_proxy,Precision graph: Diff Tmix Proxy,-0.18962580494573306
y_dd_h5_thr5,"Drawdown event (drawdown threshold = 5%), prediction horizon = 5 days",logit_baseline,Logistic Regression (Baseline features),prec_mfpt_median,Precision graph: Mean First Passage Time Median,-0.20208739776719795
y_dd_h5_thr5,"Drawdown event (drawdown threshold = 5%), prediction horizon = 5 days",logit_baseline,Logistic Regression (Baseline features),prec_diff_lambda2,Precision graph: Diff Lambda2,-0.2186324221891333
y_dd_h5_thr5,"Drawdown event (drawdown threshold = 5%), prediction horizon = 5 days",logit_baseline,Logistic Regression (Baseline features),corr_diff_pi_min,Correlation graph: Diff Pi Min,-0.2842599357779304
y_dd_h5_thr5,"Drawdown event (drawdown threshold = 5%), prediction horizon = 5 days",logit_baseline,Logistic Regression (Baseline features),corr_mfpt_median,Correlation graph: Mean First Passage Time Median,-0.35429901877682074
y_dd_h5_thr5,"Drawdown event (drawdown threshold = 5%), prediction horizon = 5 days",logit_baseline,Logistic Regression (Baseline features),corr_diff_tmix_proxy,Correlation graph: Diff Tmix Proxy,-0.41639385434869575
y_dd_h5_thr5,"Drawdown event (drawdown threshold = 5%), prediction horizon = 5 days",logit_baseline,Logistic Regression (Baseline features),corr_mfpt_q90,Correlation graph: Mean First Passage Time Q90,-0.4344532285945142
y_dd_h5_thr5,"Drawdown event (drawdown threshold = 5%), prediction horizon = 5 days",logit_baseline,Logistic Regression (Baseline features),corr_ct_q90,Correlation graph: Ct Q90,-0.4812921699528399
y_dd_h5_thr5,"Drawdown event (drawdown threshold = 5%), prediction horizon = 5 days",logit_baseline,Logistic Regression (Baseline features),corr_ct_median,Correlation graph: Ct Median,-0.5348777995508692
y_dd_h5_thr5,"Drawdown event (drawdown threshold = 5%), prediction horizon = 5 days",logit_baseline,Logistic Regression (Baseline features),corr_mfpt_mean,Correlation graph: Mean First Passage Time Mean,-0.5422931348690343
y_dd_h5_thr5,"Drawdown event (drawdown threshold = 5%), prediction horizon = 5 days",logit_baseline,Logistic Regression (Baseline features),corr_ct_mean,Correlation graph: Ct Mean,-0.5422931348690344
y_dd_h5_thr5,"Drawdown event (drawdown threshold = 5%), prediction horizon = 5 days",logit_baseline,Logistic Regression (Baseline features),corr_diff_lambda2,Correlation graph: Diff Lambda2,-0.7331219771170926
y_dd_h5_thr7,"Drawdown event (drawdown threshold = 7%), prediction horizon = 5 days",logit_baseline,Logistic Regression (Baseline features),corr_diff_gamma,Correlation graph: Diff Gamma,0.6171018269804593
y_dd_h5_thr7,"Drawdown event (drawdown threshold = 7%), prediction horizon = 5 days",logit_baseline,Logistic Regression (Baseline features),corr_ct_q10,Correlation graph: Ct Q10,0.39643057815035837
y_dd_h5_thr7,"Drawdown event (drawdown threshold = 7%), prediction horizon = 5 days",logit_baseline,Logistic Regression (Baseline features),corr_mfpt_q10,Correlation graph: Mean First Passage Time Q10,0.309482317656319
y_dd_h5_thr7,"Drawdown event (drawdown threshold = 7%), prediction horizon = 5 days",logit_baseline,Logistic Regression (Baseline features),prec_diff_gamma,Precision graph: Diff Gamma,0.16717850590216538
y_dd_h5_thr7,"Drawdown event (drawdown threshold = 7%), prediction horizon = 5 days",logit_baseline,Logistic Regression (Baseline features),prec_ct_mean,Precision graph: Ct Mean,-0.017785530333836074
y_dd_h5_thr7,"Drawdown event (drawdown threshold = 7%), prediction horizon = 5 days",logit_baseline,Logistic Regression (Baseline features),prec_mfpt_mean,Precision graph: Mean First Passage Time Mean,-0.017785530333836074
y_dd_h5_thr7,"Drawdown event (drawdown threshold = 7%), prediction horizon = 5 days",logit_baseline,Logistic Regression (Baseline features),prec_ct_q90,Precision graph: Ct Q90,-0.02256478066875282
y_dd_h5_thr7,"Drawdown event (drawdown threshold = 7%), prediction horizon = 5 days",logit_baseline,Logistic Regression (Baseline features),prec_mfpt_q10,Precision graph: Mean First Passage Time Q10,-0.02698799738330087
y_dd_h5_thr7,"Drawdown event (drawdown threshold = 7%), prediction horizon = 5 days",logit_baseline,Logistic Regression (Baseline features),prec_mfpt_q90,Precision graph: Mean First Passage Time Q90,-0.03732692901699734
y_dd_h5_thr7,"Drawdown event (drawdown threshold = 7%), prediction horizon = 5 days",logit_baseline,Logistic Regression (Baseline features),prec_diff_pi_min,Precision graph: Diff Pi Min,-0.05177959403587093
y_dd_h5_thr7,"Drawdown event (drawdown threshold = 7%), prediction horizon = 5 days",logit_baseline,Logistic Regression (Baseline features),corr_diff_pi_min,Correlation graph: Diff Pi Min,-0.10005204242531361
y_dd_h5_thr7,"Drawdown event (drawdown threshold = 7%), prediction horizon = 5 days",logit_baseline,Logistic Regression (Baseline features),prec_ct_q10,Precision graph: Ct Q10,-0.10340081964771872
y_dd_h5_thr7,"Drawdown event (drawdown threshold = 7%), prediction horizon = 5 days",logit_baseline,Logistic Regression (Baseline features),prec_ct_median,Precision graph: Ct Median,-0.11934644189594318
y_dd_h5_thr7,"Drawdown event (drawdown threshold = 7%), prediction horizon = 5 days",logit_baseline,Logistic Regression (Baseline features),prec_diff_lambda2,Precision graph: Diff Lambda2,-0.16717850590216526
y_dd_h5_thr7,"Drawdown event (drawdown threshold = 7%), prediction horizon = 5 days",logit_baseline,Logistic Regression (Baseline features),prec_diff_tmix_proxy,Precision graph: Diff Tmix Proxy,-0.17687253273699205
y_dd_h5_thr7,"Drawdown event (drawdown threshold = 7%), prediction horizon = 5 days",logit_baseline,Logistic Regression (Baseline features),prec_mfpt_median,Precision graph: Mean First Passage Time Median,-0.21139543055510995
y_dd_h5_thr7,"Drawdown event (drawdown threshold = 7%), prediction horizon = 5 days",logit_baseline,Logistic Regression (Baseline features),corr_mfpt_q90,Correlation graph: Mean First Passage Time Q90,-0.396346395767614
y_dd_h5_thr7,"Drawdown event (drawdown threshold = 7%), prediction horizon = 5 days",logit_baseline,Logistic Regression (Baseline features),corr_mfpt_median,Correlation graph: Mean First Passage Time Median,-0.4482855007189972
y_dd_h5_thr7,"Drawdown event (drawdown threshold = 7%), prediction horizon = 5 days",logit_baseline,Logistic Regression (Baseline features),corr_diff_tmix_proxy,Correlation graph: Diff Tmix Proxy,-0.45168165127571475
y_dd_h5_thr7,"Drawdown event (drawdown threshold = 7%), prediction horizon = 5 days",logit_baseline,Logistic Regression (Baseline features),corr_ct_q90,Correlation graph: Ct Q90,-0.5517747397402688
y_dd_h5_thr7,"Drawdown event (drawdown threshold = 7%), prediction horizon = 5 days",logit_baseline,Logistic Regression (Baseline features),corr_ct_median,Correlation graph: Ct Median,-0.6008070811729168
y_dd_h5_thr7,"Drawdown event (drawdown threshold = 7%), prediction horizon = 5 days",logit_baseline,Logistic Regression (Baseline features),corr_ct_mean,Correlation graph: Ct Mean,-0.6035528386648888
y_dd_h5_thr7,"Drawdown event (drawdown threshold = 7%), prediction horizon = 5 days",logit_baseline,Logistic Regression (Baseline features),corr_mfpt_mean,Correlation graph: Mean First Passage Time Mean,-0.6035528386648888
y_dd_h5_thr7,"Drawdown event (drawdown threshold = 7%), prediction horizon = 5 days",logit_baseline,Logistic Regression (Baseline features),corr_diff_lambda2,Correlation graph: Diff Lambda2,-0.6171018269804591
y_vol_top3_h10,"High volatility event (top 3% of rolling volatility), prediction horizon = 10 days",logit_baseline,Logistic Regression (Baseline features),corr_diff_gamma,Correlation graph: Diff Gamma,0.6566685274987101
y_vol_top3_h10,"High volatility event (top 3% of rolling volatility), prediction horizon = 10 days",logit_baseline,Logistic Regression (Baseline features),corr_diff_pi_min,Correlation graph: Diff Pi Min,0.2596118690225071
y_vol_top3_h10,"High volatility event (top 3% of rolling volatility), prediction horizon = 10 days",logit_baseline,Logistic Regression (Baseline features),prec_mfpt_q90,Precision graph: Mean First Passage Time Q90,0.1723807512524088
y_vol_top3_h10,"High volatility event (top 3% of rolling volatility), prediction horizon = 10 days",logit_baseline,Logistic Regression (Baseline features),prec_ct_q90,Precision graph: Ct Q90,0.08757547291882857
y_vol_top3_h10,"High volatility event (top 3% of rolling volatility), prediction horizon = 10 days",logit_baseline,Logistic Regression (Baseline features),corr_ct_q10,Correlation graph: Ct Q10,0.07877873734844615
y_vol_top3_h10,"High volatility event (top 3% of rolling volatility), prediction horizon = 10 days",logit_baseline,Logistic Regression (Baseline features),prec_diff_tmix_proxy,Precision graph: Diff Tmix Proxy,0.07182760980178544
y_vol_top3_h10,"High volatility event (top 3% of rolling volatility), prediction horizon = 10 days",logit_baseline,Logistic Regression (Baseline features),prec_diff_lambda2,Precision graph: Diff Lambda2,0.0668108908274251
y_vol_top3_h10,"High volatility event (top 3% of rolling volatility), prediction horizon = 10 days",logit_baseline,Logistic Regression (Baseline features),prec_mfpt_mean,Precision graph: Mean First Passage Time Mean,-0.024266899771117047
y_vol_top3_h10,"High volatility event (top 3% of rolling volatility), prediction horizon = 10 days",logit_baseline,Logistic Regression (Baseline features),prec_ct_mean,Precision graph: Ct Mean,-0.024266899771117054
y_vol_top3_h10,"High volatility event (top 3% of rolling volatility), prediction horizon = 10 days",logit_baseline,Logistic Regression (Baseline features),prec_diff_gamma,Precision graph: Diff Gamma,-0.0668108908274252
y_vol_top3_h10,"High volatility event (top 3% of rolling volatility), prediction horizon = 10 days",logit_baseline,Logistic Regression (Baseline features),corr_mfpt_median,Correlation graph: Mean First Passage Time Median,-0.11561836685364842
y_vol_top3_h10,"High volatility event (top 3% of rolling volatility), prediction horizon = 10 days",logit_baseline,Logistic Regression (Baseline features),prec_diff_pi_min,Precision graph: Diff Pi Min,-0.17561845288669944
y_vol_top3_h10,"High volatility event (top 3% of rolling volatility), prediction horizon = 10 days",logit_baseline,Logistic Regression (Baseline features),prec_ct_median,Precision graph: Ct Median,-0.24593510062218207
y_vol_top3_h10,"High volatility event (top 3% of rolling volatility), prediction horizon = 10 days",logit_baseline,Logistic Regression (Baseline features),prec_mfpt_median,Precision graph: Mean First Passage Time Median,-0.2532795929072446
y_vol_top3_h10,"High volatility event (top 3% of rolling volatility), prediction horizon = 10 days",logit_baseline,Logistic Regression (Baseline features),corr_ct_median,Correlation graph: Ct Median,-0.2629122440120514
y_vol_top3_h10,"High volatility event (top 3% of rolling volatility), prediction horizon = 10 days",logit_baseline,Logistic Regression (Baseline features),prec_ct_q10,Precision graph: Ct Q10,-0.27669617641998956
y_vol_top3_h10,"High volatility event (top 3% of rolling volatility), prediction horizon = 10 days",logit_baseline,Logistic Regression (Baseline features),prec_mfpt_q10,Precision graph: Mean First Passage Time Q10,-0.2787643581214868
y_vol_top3_h10,"High volatility event (top 3% of rolling volatility), prediction horizon = 10 days",logit_baseline,Logistic Regression (Baseline features),corr_mfpt_q90,Correlation graph: Mean First Passage Time Q90,-0.33657723355806024
y_vol_top3_h10,"High volatility event (top 3% of rolling volatility), prediction horizon = 10 days",logit_baseline,Logistic Regression (Baseline features),corr_mfpt_q10,Correlation graph: Mean First Passage Time Q10,-0.3457118100652728
y_vol_top3_h10,"High volatility event (top 3% of rolling volatility), prediction horizon = 10 days",logit_baseline,Logistic Regression (Baseline features),corr_diff_tmix_proxy,Correlation graph: Diff Tmix Proxy,-0.5809100490558884
y_vol_top3_h10,"High volatility event (top 3% of rolling volatility), prediction horizon = 10 days",logit_baseline,Logistic Regression (Baseline features),corr_ct_q90,Correlation graph: Ct Q90,-0.5935699795921177
y_vol_top3_h10,"High volatility event (top 3% of rolling volatility), prediction horizon = 10 days",logit_baseline,Logistic Regression (Baseline features),corr_mfpt_mean,Correlation graph: Mean First Passage Time Mean,-0.644263882837812
y_vol_top3_h10,"High volatility event (top 3% of rolling volatility), prediction horizon = 10 days",logit_baseline,Logistic Regression (Baseline features),corr_ct_mean,Correlation graph: Ct Mean,-0.6442638828378122
y_vol_top3_h10,"High volatility event (top 3% of rolling volatility), prediction horizon = 10 days",logit_baseline,Logistic Regression (Baseline features),corr_diff_lambda2,Correlation graph: Diff Lambda2,-0.6566685274987096
y_vol_top3_h20,"High volatility event (top 3% of rolling volatility), prediction horizon = 20 days",logit_full,Logistic Regression (Baseline + Ricci curvature),corr_ct_q10,Correlation graph: Ct Q10,0.5324187901074311
y_vol_top3_h20,"High volatility event (top 3% of rolling volatility), prediction horizon = 20 days",logit_full,Logistic Regression (Baseline + Ricci curvature),prec_ct_median,Precision graph: Ct Median,0.5126364093627669
y_vol_top3_h20,"High volatility event (top 3% of rolling volatility), prediction horizon = 20 days",logit_full,Logistic Regression (Baseline + Ricci curvature),corr_diff_tmix_proxy,Correlation graph: Diff Tmix Proxy,0.45659537271929884
y_vol_top3_h20,"High volatility event (top 3% of rolling volatility), prediction horizon = 20 days",logit_full,Logistic Regression (Baseline + Ricci curvature),corr_mfpt_median,Correlation graph: Mean First Passage Time Median,0.41836910549190237
y_vol_top3_h20,"High volatility event (top 3% of rolling volatility), prediction horizon = 20 days",logit_full,Logistic Regression (Baseline + Ricci curvature),prec_mfpt_q90,Precision graph: Mean First Passage Time Q90,0.3391019113775193
y_vol_top3_h20,"High volatility event (top 3% of rolling volatility), prediction horizon = 20 days",logit_full,Logistic Regression (Baseline + Ricci curvature),prec_mfpt_median,Precision graph: Mean First Passage Time Median,0.3321710633213805
y_vol_top3_h20,"High volatility event (top 3% of rolling volatility), prediction horizon = 20 days",logit_full,Logistic Regression (Baseline + Ricci curvature),prec_diff_lambda2,Precision graph: Diff Lambda2,0.32076824666640197
y_vol_top3_h20,"High volatility event (top 3% of rolling volatility), prediction horizon = 20 days",logit_full,Logistic Regression (Baseline + Ricci curvature),prec_ct_q90,Precision graph: Ct Q90,0.25939662637026356
y_vol_top3_h20,"High volatility event (top 3% of rolling volatility), prediction horizon = 20 days",logit_full,Logistic Regression (Baseline + Ricci curvature),prec_ct_mean,Precision graph: Ct Mean,0.2572633284287107
y_vol_top3_h20,"High volatility event (top 3% of rolling volatility), prediction horizon = 20 days",logit_full,Logistic Regression (Baseline + Ricci curvature),prec_mfpt_mean,Precision graph: Mean First Passage Time Mean,0.2572633284287107
y_vol_top3_h20,"High volatility event (top 3% of rolling volatility), prediction horizon = 20 days",logit_full,Logistic Regression (Baseline + Ricci curvature),corr_mfpt_q90,Correlation graph: Mean First Passage Time Q90,0.2332086376257319
y_vol_top3_h20,"High volatility event (top 3% of rolling volatility), prediction horizon = 20 days",logit_full,Logistic Regression (Baseline + Ricci curvature),corr_ct_q90,Correlation graph: Ct Q90,0.17113465589622726
y_vol_top3_h20,"High volatility event (top 3% of rolling volatility), prediction horizon = 20 days",logit_full,Logistic Regression (Baseline + Ricci curvature),corr_diff_lambda2,Correlation graph: Diff Lambda2,0.09934004707289004
y_vol_top3_h20,"High volatility event (top 3% of rolling volatility), prediction horizon = 20 days",logit_full,Logistic Regression (Baseline + Ricci curvature),prec_diff_tmix_proxy,Precision graph: Diff Tmix Proxy,0.082137101558152
y_vol_top3_h20,"High volatility event (top 3% of rolling volatility), prediction horizon = 20 days",logit_full,Logistic Regression (Baseline + Ricci curvature),prec_diff_pi_min,Precision graph: Diff Pi Min,-0.026550240726348456
y_vol_top3_h20,"High volatility event (top 3% of rolling volatility), prediction horizon = 20 days",logit_full,Logistic Regression (Baseline + Ricci curvature),corr_diff_gamma,Correlation graph: Diff Gamma,-0.09934004707288994
y_vol_top3_h20,"High volatility event (top 3% of rolling volatility), prediction horizon = 20 days",logit_full,Logistic Regression (Baseline + Ricci curvature),corr_ct_mean,Correlation graph: Ct Mean,-0.14668209763158177
y_vol_top3_h20,"High volatility event (top 3% of rolling volatility), prediction horizon = 20 days",logit_full,Logistic Regression (Baseline + Ricci curvature),corr_mfpt_mean,Correlation graph: Mean First Passage Time Mean,-0.14668209763158183
y_vol_top3_h20,"High volatility event (top 3% of rolling volatility), prediction horizon = 20 days",logit_full,Logistic Regression (Baseline + Ricci curvature),corr_diff_pi_min,Correlation graph: Diff Pi Min,-0.277236184173713
y_vol_top3_h20,"High volatility event (top 3% of rolling volatility), prediction horizon = 20 days",logit_full,Logistic Regression (Baseline + Ricci curvature),prec_diff_gamma,Precision graph: Diff Gamma,-0.3207682466664022
y_vol_top3_h20,"High volatility event (top 3% of rolling volatility), prediction horizon = 20 days",logit_full,Logistic Regression (Baseline + Ricci curvature),corr_ct_median,Correlation graph: Ct Median,-0.3210993246924468
y_vol_top3_h20,"High volatility event (top 3% of rolling volatility), prediction horizon = 20 days",logit_full,Logistic Regression (Baseline + Ricci curvature),prec_ct_q10,Precision graph: Ct Q10,-0.3699718645482751
y_vol_top3_h20,"High volatility event (top 3% of rolling volatility), prediction horizon = 20 days",logit_full,Logistic Regression (Baseline + Ricci curvature),corr_mfpt_q10,Correlation graph: Mean First Passage Time Q10,-0.44434112315886376
y_vol_top3_h20,"High volatility event (top 3% of rolling volatility), prediction horizon = 20 days",logit_full,Logistic Regression (Baseline + Ricci curvature),prec_mfpt_q10,Precision graph: Mean First Passage Time Q10,-0.45677310855197256
y_vol_top3_h5,"High volatility event (top 3% of rolling volatility), prediction horizon = 5 days",logit_baseline,Logistic Regression (Baseline features),corr_diff_gamma,Correlation graph: Diff Gamma,0.7146731050663246
y_vol_top3_h5,"High volatility event (top 3% of rolling volatility), prediction horizon = 5 days",logit_baseline,Logistic Regression (Baseline features),corr_ct_q10,Correlation graph: Ct Q10,0.24644546305065076
y_vol_top3_h5,"High volatility event (top 3% of rolling volatility), prediction horizon = 5 days",logit_baseline,Logistic Regression (Baseline features),corr_diff_pi_min,Correlation graph: Diff Pi Min,0.24528991192799837
y_vol_top3_h5,"High volatility event (top 3% of rolling volatility), prediction horizon = 5 days",logit_baseline,Logistic Regression (Baseline features),prec_mfpt_q90,Precision graph: Mean First Passage Time Q90,0.14293828613651652
y_vol_top3_h5,"High volatility event (top 3% of rolling volatility), prediction horizon = 5 days",logit_baseline,Logistic Regression (Baseline features),prec_ct_q90,Precision graph: Ct Q90,0.06449801576481463
y_vol_top3_h5,"High volatility event (top 3% of rolling volatility), prediction horizon = 5 days",logit_baseline,Logistic Regression (Baseline features),prec_diff_gamma,Precision graph: Diff Gamma,0.019424944639212207
y_vol_top3_h5,"High volatility event (top 3% of rolling volatility), prediction horizon = 5 days",logit_baseline,Logistic Regression (Baseline features),prec_mfpt_mean,Precision graph: Mean First Passage Time Mean,-0.01708921888244217
y_vol_top3_h5,"High volatility event (top 3% of rolling volatility), prediction horizon = 5 days",logit_baseline,Logistic Regression (Baseline features),prec_ct_mean,Precision graph: Ct Mean,-0.017089218882442185
y_vol_top3_h5,"High volatility event (top 3% of rolling volatility), prediction horizon = 5 days",logit_baseline,Logistic Regression (Baseline features),prec_diff_lambda2,Precision graph: Diff Lambda2,-0.019424944639212398
y_vol_top3_h5,"High volatility event (top 3% of rolling volatility), prediction horizon = 5 days",logit_baseline,Logistic Regression (Baseline features),prec_diff_pi_min,Precision graph: Diff Pi Min,-0.07176700118718708
y_vol_top3_h5,"High volatility event (top 3% of rolling volatility), prediction horizon = 5 days",logit_baseline,Logistic Regression (Baseline features),prec_diff_tmix_proxy,Precision graph: Diff Tmix Proxy,-0.0731069485485239
y_vol_top3_h5,"High volatility event (top 3% of rolling volatility), prediction horizon = 5 days",logit_baseline,Logistic Regression (Baseline features),prec_ct_median,Precision graph: Ct Median,-0.1511070134365388
y_vol_top3_h5,"High volatility event (top 3% of rolling volatility), prediction horizon = 5 days",logit_baseline,Logistic Regression (Baseline features),prec_mfpt_median,Precision graph: Mean First Passage Time Median,-0.18435978724058688
y_vol_top3_h5,"High volatility event (top 3% of rolling volatility), prediction horizon = 5 days",logit_baseline,Logistic Regression (Baseline features),corr_mfpt_q10,Correlation graph: Mean First Passage Time Q10,-0.18519569492536023
y_vol_top3_h5,"High volatility event (top 3% of rolling volatility), prediction horizon = 5 days",logit_baseline,Logistic Regression (Baseline features),prec_mfpt_q10,Precision graph: Mean First Passage Time Q10,-0.23523078455773125
y_vol_top3_h5,"High volatility event (top 3% of rolling volatility), prediction horizon = 5 days",logit_baseline,Logistic Regression (Baseline features),prec_ct_q10,Precision graph: Ct Q10,-0.24777120345477013
y_vol_top3_h5,"High volatility event (top 3% of rolling volatility), prediction horizon = 5 days",logit_baseline,Logistic Regression (Baseline features),corr_ct_median,Correlation graph: Ct Median,-0.3619186537506043
y_vol_top3_h5,"High volatility event (top 3% of rolling volatility), prediction horizon = 5 days",logit_baseline,Logistic Regression (Baseline features),corr_mfpt_median,Correlation graph: Mean First Passage Time Median,-0.42643080184669263
y_vol_top3_h5,"High volatility event (top 3% of rolling volatility), prediction horizon = 5 days",logit_baseline,Logistic Regression (Baseline features),corr_mfpt_q90,Correlation graph: Mean First Passage Time Q90,-0.5763627924898037
y_vol_top3_h5,"High volatility event (top 3% of rolling volatility), prediction horizon = 5 days",logit_baseline,Logistic Regression (Baseline features),corr_ct_q90,Correlation graph: Ct Q90,-0.6357719820821838
y_vol_top3_h5,"High volatility event (top 3% of rolling volatility), prediction horizon = 5 days",logit_baseline,Logistic Regression (Baseline features),corr_diff_tmix_proxy,Correlation graph: Diff Tmix Proxy,-0.6904815541918932
y_vol_top3_h5,"High volatility event (top 3% of rolling volatility), prediction horizon = 5 days",logit_baseline,Logistic Regression (Baseline features),corr_diff_lambda2,Correlation graph: Diff Lambda2,-0.7146731050663248
y_vol_top3_h5,"High volatility event (top 3% of rolling volatility), prediction horizon = 5 days",logit_baseline,Logistic Regression (Baseline features),corr_mfpt_mean,Correlation graph: Mean First Passage Time Mean,-0.8161194810099561
y_vol_top3_h5,"High volatility event (top 3% of rolling volatility), prediction horizon = 5 days",logit_baseline,Logistic Regression (Baseline features),corr_ct_mean,Correlation graph: Ct Mean,-0.8161194810099565
